COUNTIES,PERSC RATE,FIP
LOS ANGELES CA,2750715.318,06037
MARICOPA AZ,2179911.204,04013
HARRIS TX,1786350.175,48201
COOK IL,1673825.725,17031
CLARK NV,1205892.3800000001,32003
WAYNE MI,1135323.607,26163
TARRANT TX,1129050.5550000002,48439
ORANGE CA,1073383.896,06059
DALLAS TX,1062112.9479999999,48113
SAN DIEGO CA,998160.67,06073
RIVERSIDE CA,983277.3079999998,06065
SAN BERNARDINO CA,906915.36,06071
BEXAR TX,883567.314,48029
KING WA,806495.9559999999,53033
HILLSBOROUGH FL,774255.1680000001,12057
BROWARD FL,761583.4199999999,12011
PALM BEACH FL,722939.91,12099
PHILADELPHIA PA,700156.2880000001,42101
OAKLAND MI,687898.4480000001,26125
DUVAL FL,679048.295,12031
OKLAHOMA OK,674629.164,40109
FRANKLIN OH,659694.7559999999,39049
PINELLAS FL,655197.3119999999,12103
MIAMI-DADE FL,654782.54,12086
SALT LAKE UT,645202.9720000001,49035
TULSA OK,639172.512,40143
MACOMB MI,638873.5319999999,26099
JEFFERSON AL,630912.9339999999,01073
SUFFOLK NY,618695.819,36103
ALLEGHENY PA,610454.5900000001,42003
SACRAMENTO CA,592886.1560000001,06067
PIMA AZ,591712.635,04019
MARION IN,546917.9940000001,18097
JEFFERSON KY,535196.3859999999,21111
SHELBY TN,512629.802,47157
MILWAUKEE WI,505017.684,55079
TRAVIS TX,503211.83,48453
ORANGE FL,501642.72000000003,12095
ERIE NY,488749.46400000004,36029
NEW YORK NY,485354.388,36061
CUYAHOGA OH,482913.152,39035
FRESNO CA,482565.783,06019
COLLIN TX,469767.4199999999,48085
KINGS NY,465902.34599999996,36047
WAKE NC,456933.77100000007,37183
PIERCE WA,450680.0399999999,53053
BREVARD FL,446640.96400000004,12009
MOBILE AL,444613.96,01097
MECKLENBURG NC,443032.04399999994,37119
BALTIMORE MD,440160.8400000001,24005
NASSAU NY,438286.45199999993,36059
SEDGWICK KS,437603.616,20173
KERN CA,436597.97000000003,06029
HAMILTON OH,429990.798,39061
POLK FL,426168.876,12105
SNOHOMISH WA,425016.911,53061
DENTON TX,424972.153,48121
LEE FL,424587.927,12071
JACKSON MO,423915.633,29095
DAVIDSON TN,420651.26399999997,47037
QUEENS NY,419217.58800000005,36081
NEW HAVEN CT,415411.902,09009
MIDDLESEX MA,409371.546,25017
FULTON GA,407487.871,13121
PASCO FL,394410.264,12101
HARTFORD CT,386114.76,09003
EL PASO CO,373889.15699999995,08041
VENTURA CA,371396.63399999996,06111
ALAMEDA CA,367692.38,06001
KENT MI,363296.115,26081
MONTGOMERY PA,363109.855,42091
GREENVILLE SC,362814.60599999997,45045
CONTRA COSTA CA,362207.164,06013
HENNEPIN MN,362031.098,27053
STANISLAUS CA,361232.96,06099
SPOKANE WA,358116.62999999995,53063
COBB GA,358026.411,13067
GWINNETT GA,356711.25,13135
VOLUSIA FL,355761.61199999996,12127
SANTA CLARA CA,352796.916,06085
DUPAGE IL,349787.05899999995,17043
HAMILTON TN,347574.77999999997,47065
BERNALILLO NM,346351.71,35001
GENESEE MI,345752.67600000004,26049
KNOX TN,343798.80299999996,47093
PULASKI AR,341354.48099999997,05119
MONTGOMERY OH,336026.184,39113
BRONX NY,327605.81700000004,36005
BUCKS PA,326072.13,42017
JOHNSON KS,325898.941,20091
LAKE IN,324309.324,18089
WORCESTER MA,321450.714,25027
NEW CASTLE DE,321282.975,10003
FAIRFIELD CT,318846.21599999996,09001
MADISON AL,318464.286,01089
LUCAS OH,315264.12799999997,39095
BRISTOL MA,313695.435,25005
CAMDEN NJ,311479.665,34007
ANNE ARUNDEL MD,311048.658,24003
JEFFERSON CO,310092.69200000004,08059
WILL IL,309452.864,17197
SAN JOAQUIN CA,307907.79199999996,06077
MONTGOMERY TX,307339.846,48339
UTAH UT,301575.39,49049
GUILFORD NC,301354.614,37081
BERGEN NJ,298304.64,34003
WILLIAMSON TX,298228.255,48491
MULTNOMAH OR,296692.075,41051
HORRY SC,294949.473,45051
LAKE IL,294634.305,17097
OCEAN NJ,291449.27999999997,34029
ARAPAHOE CO,288899.6,08005
POLK IA,286744.185,19153
LANE OR,285404.049,41039
SARASOTA FL,285402.236,12115
ESCAMBIA FL,284574.504,12033
DOUGLAS NE,283378.19200000004,31055
MONROE NY,280389.06,36055
SUMMIT OH,280244.734,39153
MONTGOMERY MD,278432.32,24031
ESSEX MA,276161.9,25009
WESTCHESTER NY,273804.198,36119
DELAWARE PA,271471.813,42045
MIDDLESEX NJ,268970.21200000006,34023
DEKALB GA,268791.138,13089
WASHOE NV,268294.311,32031
MARION FL,267603.828,12083
SPARTANBURG SC,263502.84,45083
HONOLULU HI,262157.447,15003
FORT BEND TX,260551.84800000003,48157
ADA ID,259093.80599999998,16001
EL PASO TX,256806.82799999998,48141
PROVIDENCE RI,255572.40000000002,44007
MONMOUTH NJ,253705.94999999998,34025
MANATEE FL,251629.872,12081
FAIRFAX VA,250161.976,51059
GREENE MO,249123.1,29077
STARK OH,242376.32400000002,39151
TULARE CA,238691.84,06107
LAKE FL,238626.69999999998,12069
CLACKAMAS OR,237530.216,41005
RUTHERFORD TN,235257.77999999997,47149
HAMPDEN MA,234118.74400000004,25013
ESSEX NJ,234099.67500000002,34013
NUECES TX,231868.16,48355
CHARLESTON SC,231621.578,45019
WASHINGTON OR,231612.92,41067
CLARK WA,228008.54700000002,53011
CUMBERLAND NC,227810.61100000003,37051
BURLINGTON NJ,227573.339,34005
MADISON IL,225361.862,17119
NORFOLK MA,224047.675,25021
GALVESTON TX,221021.79399999997,48167
ALLEN IN,220752.018,18003
LANCASTER PA,219926.77199999997,42071
WINNEBAGO IL,218710.728,17201
LUBBOCK TX,217708.86899999998,48303
LEXINGTON SC,216295.00000000003,45063
SEMINOLE FL,216096.308,12117
ONONDAGA NY,215987.63199999998,36067
FORSYTH NC,213702.905,37067
DENVER CO,212345.612,08031
RICHLAND SC,211205.572,45079
BUTLER OH,210340.566,39017
PLYMOUTH MA,209523.20400000003,25023
BALDWIN AL,208947.024,01003
DANE WI,207197.405,55025
WAUKESHA WI,206545.178,55133
ADAMS CO,205416.13700000002,08001
CHESTER PA,203695.732,42029
SAN FRANCISCO CA,202756.27,06075
DAVIS UT,202624.16999999998,49011
VANDERBURGH IN,201410.61,18163
CHATHAM GA,199996.13,13051
MOHAVE AZ,199662.321,04015
GASTON NC,198259.107,37071
SONOMA CA,198228.736,06097
SULLIVAN TN,198093.348,47163
BRAZORIA TX,197985.656,48039
HIDALGO TX,197196.489,48215
YORK PA,197136.462,42133
PLACER CA,196376.197,06061
CLEVELAND OK,195969.66,40027
BUTTE CA,195952.284,06007
LUZERNE PA,195211.45500000002,42079
WESTMORELAND PA,194685.64199999996,42129
BENTON AR,192886.43099999998,05007
JACKSON OR,189349.008,41029
SANTA BARBARA CA,189315.57599999997,06083
HUDSON NJ,188269.47999999998,34017
TUSCALOOSA AL,186535.305,01125
PINAL AZ,186041.178,04021
HARRISON MS,185399.28,28047
SUFFOLK MA,183290.796,25025
SAN MATEO CA,182444.37399999998,06081
WASHINGTON AR,182260.494,05143
WEBER UT,181628.674,49057
SEBASTIAN AR,181386.513,05131
BERKS PA,179837.02800000002,42011
KANE IL,178887.408,17089
JEFFERSON TX,178611.15,48245
HERNANDO FL,178212.48,12053
SHELBY AL,176774.024,01117
LACKAWANNA PA,175497.13799999998,42069
COLLIER FL,174745.508,12021
CLAY MO,172214.17200000002,29047
ORANGE NY,172068.18000000002,36071
RAMSEY MN,171700.152,27123
MARION OR,170778.638,41047
RICHMOND NY,170459.194,36085
SMITH TX,170373.73200000002,48423
BAY FL,170337.375,12005
GLOUCESTER NJ,170023.788,34015
YAVAPAI AZ,169036.181,04025
LEON FL,167341.74000000002,12073
MUSKEGON MI,166102.662,26121
SAN LUIS OBISPO CA,165903.046,06079
MONTEREY CA,165811.302,06053
UNION NJ,165233.277,34039
BIBB GA,164186.448,13021
SUSSEX DE,163489.05,10005
PASSAIC NJ,163093.45,34031
MCLENNAN TX,162185.736,48309
NEW HANOVER NC,162020.843,37129
HILLSBOROUGH NH,161388.67500000002,33011
CHESTERFIELD VA,160877.712,51041
LANCASTER NE,160502.27,31109
MCHENRY IL,160350.254,17111
INGHAM MI,160238.48799999998,26065
LARIMER CO,159890.75199999998,08069
MONTGOMERY AL,159219.658,01101
HALL GA,158646.216,13139
DAKOTA MN,158308.74899999998,27037
ERIE PA,157251.424,42049
CATAWBA NC,156679.082,37035
MERCER NJ,155790.32,34021
ANDERSON SC,155564.544,45007
ALACHUA FL,155506.854,12001
MAHONING OH,155275.757,39099
LORAIN OH,155226.333,39093
BELL TX,154605.62399999998,48027
FAYETTE KY,153820.352,21067
BUNCOMBE NC,153319.117,37021
CLAY FL,153257.14800000002,12019
HENRICO VA,152507.098,51087
SHASTA CA,151807.44,06089
BENTON WA,150839.82,53005
NORTHAMPTON PA,150505.50499999998,42095
CABARRUS NC,150218.382,37025
OSCEOLA FL,149548.898,12097
MORRIS NJ,149520.87999999998,34027
GREGG TX,149477.67,48183
FLORENCE SC,148526.682,45041
HENRY GA,148477.113,13151
MUSCOGEE GA,148197.133,13215
CALHOUN AL,147572.895,01015
MARSHALL AL,146999.706,01095
ROCKINGHAM NH,146520.737,33015
DOUGLAS CO,146431.21800000002,08035
FREDERICK MD,146124.96099999998,24021
YORK SC,146109.08,45091
CHEROKEE GA,145947.972,13057
JEFFERSON MO,145627.407,29099
KALAMAZOO MI,144460.97,26077
SANGAMON IL,143862.608,17167
HARFORD MD,143813.283,24025
ATLANTIC NJ,143172.80999999997,34001
MONTGOMERY TN,143160.205,47125
TRUMBULL OH,143135.202,39155
SANTA ROSA FL,142658.26200000002,12113
DESOTO MS,142592.595,28033
SOLANO CA,142350.47400000002,06095
HAMILTON IN,142302.63100000002,18057
IREDELL NC,141445.068,37097
KANAWHA WV,140717.96,54039
PUEBLO CO,140465.616,08101
SHAWNEE KS,139377.5,20177
OKALOOSA FL,138876.34200000003,12091
CRAIGHEAD AR,138797.656,05031
THURSTON WA,138295.136,53067
GARLAND AR,137748.99599999998,05051
ANOKA MN,137414.585,27003
DUTCHESS NY,137105.588,36027
WASHINGTON MD,136397.247,24043
JASPER MO,136251.34399999998,29097
HOUSTON AL,135317.196,01069
CANYON ID,135151.21199999997,16027
ROBESON NC,134674.375,37155
CITRUS FL,134541.643,12017
SUMNER TN,134280.666,47165
JOHNSON TX,133796.737,48251
DESCHUTES OR,133244.40800000002,41017
PRINCE WILLIAM VA,133104.80500000002,51153
MERCED CA,133008.72,06047
WELD CO,131743.752,08123
KITSAP WA,131392.932,53035
PORTER IN,131199.53,18127
MORGAN AL,130330.431,01103
RICHMOND GA,130219.074,13245
WALKER AL,130091.00800000002,01127
INDIAN RIVER FL,129857.47600000001,12061
BROWN WI,129625.58,55009
OTTAWA MI,129572.52,26139
LEHIGH PA,129261.29999999999,42077
WASHINGTON UT,129260.768,49053
CLERMONT OH,129223.92800000001,39025
ETOWAH AL,128959.94799999999,01055
NEW LONDON CT,128624.91,09011
FAYETTE PA,127851.986,42051
SAGINAW MI,127851.669,26145
KOOTENAI ID,127420.99300000002,16055
WHATCOM WA,127232.08499999999,53073
YAKIMA WA,126189.11899999999,53077
DORCHESTER SC,126176.97499999999,45035
CHARLOTTE FL,125625.15,12015
UNION NC,124007.10300000002,37179
TAYLOR TX,122850.26,48441
DAUPHIN PA,122729.859,42043
CUMBERLAND PA,121870.97,42041
NIAGARA NY,121592.261,36063
HOUSTON GA,121238.784,13153
BOULDER CO,120692.52,08013
CARROLL GA,120351.97600000001,13045
FLOYD GA,119970.564,13115
FORREST MS,118711.74500000001,28035
LAKE OH,118526.73499999999,39085
WICHITA TX,118478.07999999999,48485
RANKIN MS,118316.50200000001,28121
CUMBERLAND ME,116526.18500000001,23005
GRAYSON TX,116461.26,48181
BRUNSWICK NC,115969.84000000001,37019
HINDS MS,115224.48000000001,28049
ALBANY NY,115175.762,36001
AIKEN SC,114484.24,45003
SANTA CRUZ CA,113656.60800000001,06087
MADISON IN,112854.599,18095
WASHTENAW MI,112853.507,26161
LOUDOUN VA,112482.336,51107
PITT NC,112240.782,37147
ONSLOW NC,111834.97,37133
WASHINGTON MN,111799.44,27163
WARREN OH,110966.746,39165
DURHAM NC,110591.872,37063
DOUGLAS GA,110342.62200000002,13097
BRADLEY TN,110272.2,47011
CANADIAN OK,109894.74599999998,40017
ONEIDA NY,109304.738,36065
WASHINGTON PA,109017.85500000001,42125
CALHOUN MI,108937.108,26025
WASHINGTON TN,108804.37499999999,47179
JOHNSON IN,108028.061,18081
HAWAII HI,108010.96800000001,15001
CHAMPAIGN IL,107989.83499999999,17019
ELLIS TX,107938.38399999999,48139
PEORIA IL,107865.758,17143
ALAMANCE NC,107807.724,37001
RACINE WI,107774.73899999999,55101
PICKENS SC,107090.096,45077
BERRIEN MI,106613.69499999999,26021
BERKELEY SC,106432.56900000002,45015
CULLMAN AL,106134.056,01043
HAYS TX,106118.05099999999,48209
BROOME NY,106101.816,36007
JACKSON MS,105989.346,28059
KENT DE,105940.59599999999,10001
WILLIAMSON TN,105854.92799999999,47187
ELKHART IN,105852.93299999999,18039
LINN IA,105418.29,19113
YELLOWSTONE MT,105167.6,30111
PIKE KY,104581.93199999999,21195
MARTIN FL,104328.0,12085
CLARKE GA,104204.772,13059
BEAUFORT SC,103745.88,45013
CUMBERLAND NJ,102725.049,34011
JOHNSTON NC,102576.11,37101
ECTOR TX,102393.368,48135
CLARK OH,102305.329,39023
CLEVELAND NC,101864.88,37045
TIPPECANOE IN,101584.908,18157
COWETA GA,101283.13799999999,13077
CHARLES MD,100892.82599999999,24017
FORSYTH GA,100876.07599999999,13117
LINN OR,100685.22399999999,41043
DAVIDSON NC,100565.4,37057
WILSON TN,100247.30099999999,47189
MONROE MI,100232.99999999999,26115
HENDRICKS IN,99972.557,18063
CLARK IN,99965.19,18019
CLAYTON GA,99659.296,13063
KENTON KY,99029.814,21117
SALINE AR,98929.09599999999,05125
COLUMBIA GA,98416.392,13073
WARREN KY,98210.14400000001,21227
JACKSON MI,98117.68999999999,26075
ROCKINGHAM NC,98108.78,37157
MCCRACKEN KY,98061.582,21145
LOWNDES GA,98034.01,13185
BOONE KY,97781.292,21015
MADISON TN,97494.08,47113
YORK ME,97383.62899999999,23031
COMAL TX,96849.58,48091
MINNEHAHA SD,96760.134,46099
BUTLER PA,96744.295,42019
BRAZOS TX,96727.04200000002,48041
CAMBRIA PA,96602.464,42021
MONROE PA,96543.657,42089
TAZEWELL IL,95952.58399999999,17179
FAULKNER AR,95765.31999999999,05045
CAMERON TX,95634.838,48061
SCOTT IA,95464.53600000001,19163
BARNSTABLE MA,94780.55,25001
WYANDOTTE KS,94625.388,20209
ULSTER NY,94468.83600000001,36111
BOWIE TX,94363.94,48037
BARTOW GA,94163.01200000002,13015
ROCK ISLAND IL,94065.77699999999,17161
MAURY TN,93977.325,47119
SANTA FE NM,93973.75,35049
CARROLL MD,93488.085,24013
LAUDERDALE AL,93470.832,01077
HOWARD MD,92495.95999999999,24027
DELAWARE IN,92449.34999999999,18035
COLBERT AL,92252.47,01033
BLAIR PA,92102.72399999999,42013
BLOUNT TN,91963.808,47009
MESA CO,91754.95,08077
BURKE NC,91570.82,37023
ROCKLAND NY,91546.709,36087
ROCK WI,91314.886,55105
EL DORADO CA,91021.89600000001,06017
HUMBOLDT CA,90823.86,06023
BEAVER PA,90652.737,42007
ROWAN NC,90083.792,37159
BONNEVILLE ID,90010.87199999999,16019
SARATOGA NY,89876.433,36091
CASS MO,89489.87999999999,29037
KENT RI,89374.848,44003
KAUFMAN TX,89180.87,48257
SOMERSET NJ,88483.246,34035
SURRY NC,87718.826,37171
CALDWELL NC,87519.56999999999,37027
PUTNAM TN,87146.07,47141
DOUGLAS OR,87119.3,41019
DELAWARE OH,87017.632,39041
SUMTER FL,86867.51999999999,12119
TALLADEGA AL,86776.12999999999,01121
GREENE OH,86664.681,39057
BERKELEY WV,86637.31700000001,54003
CRAVEN NC,86409.594,37049
RANDALL TX,86346.051,48381
HARDIN KY,86325.324,21093
LAUDERDALE MS,86281.5,28075
LIVINGSTON MI,86205.755,26093
FAIRFIELD OH,86035.40400000001,39045
LEE AL,85890.92400000001,01081
KENNEBEC ME,85733.70199999999,23011
OUTAGAMIE WI,85675.56,55087
COMANCHE OK,85611.04100000001,40031
POTTAWATOMIE OK,85513.37599999999,40125
SKAGIT WA,85275.3,53057
FAYETTE GA,85243.645,13113
MERCER PA,84913.02399999999,42085
DARLINGTON SC,84871.332,45031
LITCHFIELD CT,84756.51,09005
LICKING OH,84716.89799999999,39089
CABELL WV,84681.345,54011
HOWARD IN,84607.6,18067
SCHUYLKILL PA,84532.68199999999,42107
SEVIER TN,84298.5,47155
ANDERSON TN,84290.91,47001
DAVIESS KY,83746.575,21059
CRAWFORD AR,83562.497,05033
KINGS CA,83352.3,06031
MIDLAND TX,83287.872,48329
VIGO IN,83061.488,18167
MOORE NC,83024.23999999999,37125
JOSEPHINE OR,82937.67599999999,41033
PARKER TX,82726.362,48367
MONROE IN,82230.77399999999,18105
FLOYD IN,82134.012,18043
WALTON GA,82012.131,13297
WILLIAMSON IL,80915.35500000001,17199
MIDDLESEX CT,80568.256,09007
HARNETT NC,80361.816,37085
KENOSHA WI,80202.35299999999,55059
ELMORE AL,79990.865,01051
IMPERIAL CA,79915.815,06025
HAMBLEN TN,79803.88600000001,47063
MCLEAN IL,79583.888,17113
YUMA AZ,79528.764,04027
DOUGHERTY GA,79512.224,13095
WHITFIELD GA,79203.39600000001,13313
MACON IL,79150.84899999999,17115
TOM GREEN TX,79029.59999999999,48451
MERRIMACK NH,78874.71100000001,33013
YOLO CA,78718.5,06113
PAULDING GA,78261.488,13223
PENOBSCOT ME,78204.072,23019
COFFEE TN,78167.16000000002,47031
GRAND TRAVERSE MI,78007.74399999999,26055
VICTORIA TX,77810.98,48469
WHITE AR,77650.458,05145
FRANKLIN MO,77559.382,29071
BLACK HAWK IA,77293.292,19013
RANDOLPH NC,77149.179,37151
LEE MS,77063.272,28081
EATON MI,76856.796,26045
WINNEBAGO WI,76670.522,55139
ROGERS OK,76556.052,40131
BAY MI,76519.492,26017
POTTER TX,76437.165,48375
NASSAU FL,76394.75,12089
MEDINA OH,76212.304,39103
FLAGLER FL,76183.622,12035
MUSKOGEE OK,76156.64,40101
COCHISE AZ,75930.966,04003
RENSSELAER NY,75547.864,36083
FRANKLIN PA,75188.095,42055
SARPY NE,74878.4,31153
OCONEE SC,74773.24,45073
FLATHEAD MT,74740.31999999999,30029
JONES MS,74703.50600000001,28067
ROBERTSON TN,74541.894,47147
MAUI HI,74500.565,15009
NEWTON GA,74086.272,13217
SUTTER CA,73988.873,06101
ORANGE TX,73888.856,48361
MARIN CA,73506.584,06041
LYCOMING PA,73304.45300000001,42081
KANKAKEE IL,73168.09199999999,17091
FLOYD KY,73064.217,21071
SPALDING GA,72973.082,13255
TWIN FALLS ID,72890.642,16083
BUCHANAN MO,72774.212,29021
WAYNE NC,72647.29,37191
WHITLEY KY,72382.94399999999,21235
BANNOCK ID,72353.792,16005
LINCOLN NC,72333.24,37109
COWLITZ WA,72327.82200000001,53015
HUNT TX,72170.808,48231
STRAFFORD NH,72109.416,33017
HENDERSON NC,71741.78700000001,37089
STEARNS MN,71195.15000000001,27145
HAMPSHIRE MA,71086.86,25015
JACKSON GA,71079.598,13157
MENDOCINO CA,70873.933,06045
GREENE AR,70571.025,05055
PORTAGE OH,70022.846,39133
ANGELINA TX,69979.005,48005
GUADALUPE TX,69908.893,48187
HIGHLANDS FL,69787.197,12055
WARE GA,69609.832,13299
CAPE GIRARDEAU MO,69090.996,29031
CHAUTAUQUA NY,69035.232,36013
MISSOULA MT,68770.0,30063
NASH NC,68271.75200000001,37127
COLUMBIA FL,68030.01400000001,12023
CARTER OK,67884.621,40019
ALLEN OH,67551.66,39003
SCHENECTADY NY,67399.766,36093
JACKSON AL,67371.93,01071
COFFEE GA,67246.242,13069
LIBERTY TX,67222.87800000001,48291
GLYNN GA,66698.344,13127
GREENE TN,66513.447,47059
ROCKWALL TX,66411.195,48397
BOONE MO,66229.921,29019
LENAWEE MI,66159.072,26091
COLUMBUS NC,65887.996,37047
CAMPBELL KY,65789.552,21037
WASHINGTON WI,65568.388,55131
SPOTSYLVANIA VA,65383.200000000004,51177
SUMTER SC,65206.531,45085
PUTNAM FL,65205.875,12107
LAMAR TX,64567.405,48277
CLALLAM WA,64494.054,53009
JEFFERSON AR,64151.04,05069
SALINE KS,64146.992,20169
COOS OR,64035.591,41011
DOUGLAS KS,63941.456999999995,20045
POTTAWATTAMIE IA,63939.31599999999,19155
WOOD WV,63807.752,54107
MORGAN IN,63722.056000000004,18109
WOODBURY IA,63617.019,19193
WINDHAM CT,63529.407999999996,09015
GREENWOOD SC,63517.467000000004,45047
ROANOKE VA,63387.178,51161
CALVERT MD,63379.625,24009
MADISON KY,62952.199,21151
ALLEGANY MD,62811.072,24001
PAYNE OK,62728.328,40119
LONOKE AR,62679.195,05085
NAVAJO AZ,62672.06,04017
RICHLAND OH,62515.464,39139
ADAMS IL,62490.425,17001
LANCASTER SC,62433.644,45057
HANOVER VA,62396.514,51085
CREEK OK,62295.662,40037
CATOOSA GA,62038.439999999995,13047
CUMBERLAND TN,61851.44000000001,47035
NEVADA CA,61648.59,06057
SANDOVAL NM,61634.16,35043
HOOD TX,61519.71399999999,48221
ROCKDALE GA,61354.8,13247
WICOMICO MD,61336.528,24045
MUSKINGUM OH,61298.86499999999,39119
NORTHUMBERLAND PA,61137.33899999999,42097
MCMINN TN,61109.984000000004,47107
POPE AR,61060.616,05115
PENNINGTON SD,60983.4,46103
TROUP GA,60832.14,13285
LIMESTONE AL,60733.81,01083
BUTLER MO,60701.062,29023
BUTLER KS,60554.455,20015
BARTHOLOMEW IN,60320.88,18005
ORANGEBURG SC,60063.975000000006,45075
SUSSEX NJ,59988.37600000001,34037
COFFEE AL,59774.564,01031
LEE NC,59740.293,37105
CAPE MAY NJ,59549.233,34009
DYER TN,59454.399999999994,47045
SCIOTO OH,59347.43199999999,39145
GRAYS HARBOR WA,59298.19,53027
LA CROSSE WI,59244.03200000001,55063
VAN BUREN MI,59179.414000000004,26159
POLK GA,59019.005,13233
WILSON NC,58978.52099999999,37195
WEBB TX,58926.876000000004,48479
WASHINGTON RI,58895.613,44009
LEBANON PA,58702.302,42075
GIBSON TN,58517.403,47053
COLUMBIANA OH,58277.07600000001,39029
BERKSHIRE MA,58223.904,25003
MADERA CA,58210.99,06039
CAMPBELL TN,58049.793999999994,47013
CECIL MD,58010.219999999994,24015
CHITTENDEN VT,57648.448000000004,50007
MONTCALM MI,57371.424,26117
HENDERSON TX,57254.004,48213
CACHE UT,57216.89400000001,49005
OSWEGO NY,57039.388000000006,36075
MONROE TN,57017.625,47123
TOLLAND CT,56972.538,09013
BARROW GA,56936.16,13013
ROANE TN,56851.83,47145
WRIGHT MN,56734.57,27171
LEWIS WA,56575.606999999996,53041
SAN JUAN NM,56400.89,35045
CENTRE PA,56185.21,42027
PEARL RIVER MS,56145.885,28109
BASTROP TX,55984.213,48021
CHEMUNG NY,55915.52,36015
JEFFERSON NY,55905.505999999994,36045
LARAMIE WY,55720.0,56021
LAWRENCE PA,55668.312,42073
STAFFORD VA,55649.047999999995,51179
GORDON GA,55412.628,13129
WALTON FL,55405.108,12131
YAMHILL OR,55370.700000000004,41071
PITTSBURG OK,55353.272000000004,40121
STEPHENS OK,55136.754,40137
PLATTE MO,55132.704,29165
ANDROSCOGGIN ME,54896.439000000006,23001
BULLOCH GA,54611.087999999996,13031
STANLY NC,54578.414,37167
VERMILION IL,54470.00200000001,17183
GRANT WA,54339.548,53025
HOPKINS KY,54159.432,21107
GRANT IN,54127.887,18053
KENDALL IL,54046.810000000005,17093
MARION OH,54027.189999999995,39101
AUTAUGA AL,54025.323000000004,01001
WAYNE IN,53893.112,18177
RUSSELL AL,53845.76900000001,01113
WARREN NJ,53791.437000000005,34041
HARRISON WV,53737.544,54033
TAZEWELL VA,53666.59,51185
CLINTON NY,53522.525,36019
COLE MO,53491.26500000001,29051
TIPTON TN,53406.333000000006,47167
JAMES CITY VA,53336.531,51095
CHEROKEE SC,53289.0,45021
GARFIELD OK,53240.831999999995,40047
CASCADE MT,53213.364,30013
MARATHON WI,53191.26400000001,55073
WASHINGTON OH,53081.146,39167
HOWELL MO,52834.089,29091
DICKSON TN,52707.196,47043
WISE VA,52672.647,51195
STEUBEN NY,52649.208,36101
MADISON MS,52604.64,28089
BRYAN OK,52602.52,40013
PERRY KY,52443.28799999999,21193
CARTERET NC,52382.64200000001,37031
RENO KS,52326.312000000005,20155
JEFFERSON OH,52325.325,39081
COCKE TN,52241.804000000004,47029
MIDLAND MI,52221.96799999999,26111
RUTHERFORD NC,52215.591,37161
BEAUFORT NC,52116.346000000005,37013
PULASKI KY,51853.242,21199
RICHMOND NC,51687.837,37153
NATRONA WY,51588.268,56025
BELL KY,51517.328,21013
DEKALB IL,51084.83900000001,17037
MIAMI OH,51032.799,39109
MISSISSIPPI AR,51017.005,05093
HENDERSON KY,50996.880000000005,21101
TIFT GA,50805.0,13277
SHEBOYGAN WI,50634.26,55117
UMATILLA OR,50511.6,41059
LAUREL KY,50474.79,21125
ESCAMBIA AL,50333.742,01053
ROSS OH,50292.89599999999,39141
MERCER WV,50238.090000000004,54055
LAPEER MI,50198.811,26087
COVINGTON AL,50053.199,01039
CARTER TN,50018.816999999995,47019
BURLEIGH ND,50012.397999999994,38015
HAYWOOD NC,49915.916999999994,37087
COCONINO AZ,49786.172000000006,04005
LAKE CA,49770.378,06033
HARDIN TX,49710.526,48199
WOOD OH,49710.46000000001,39173
SCOTLAND NC,49692.421,37165
CHRISTIAN MO,49436.01,29043
CRAWFORD PA,49169.449,42039
LAWRENCE TN,49085.904,47099
JEFFERSON TN,49045.50000000001,47089
INDEPENDENCE AR,48907.725000000006,05063
DUBUQUE IA,48850.122,19061
TUSCARAWAS OH,48845.097,39157
ALCORN MS,48814.91299999999,28003
WARREN TN,48665.583,47177
RALEIGH WV,48638.343,54081
YUBA CA,48538.156,06115
HANCOCK IN,48385.992,18059
SHIAWASSEE MI,48230.376,26155
BULLITT KY,48188.84,21029
WASHINGTON OK,48177.744999999995,40147
MONROE FL,48173.972,12087
ASHTABULA OH,48134.295,39007
LAURENS GA,47831.276,13175
ORANGE NC,47809.272000000004,37135
FRANKLIN AL,47764.326,01059
NACOGDOCHES TX,47729.328,48347
SAN PATRICIO TX,47711.95,48409
LAWRENCE IN,47593.130000000005,18093
CHELAN WA,47478.0,53007
WARREN NY,47382.504,36113
CLAIBORNE TN,47363.23799999999,47025
CHEROKEE OK,47294.604,40021
BOONE AR,47164.32,05009
WALWORTH WI,47156.072,55127
HARALSON GA,47101.152,13143
WAYNE OH,47093.97,39169
LOGAN WV,46875.816,54045
VALENCIA NM,46779.68,35061
TUOLUMNE CA,46742.123999999996,06109
LAURENS SC,46705.155999999995,45059
LEA NM,46408.71,35025
WILKES NC,46383.335999999996,37193
LOWNDES MS,46172.86,28087
BARREN KY,46151.707,21009
TEHAMA CA,46079.472,06103
HALIFAX NC,46059.21,37083
ALLEGAN MI,46051.59,26005
HENRY TN,45832.865,47079
TANEY MO,45525.392,29213
MONTGOMERY VA,45424.635,51121
EAU CLAIRE WI,45416.364,55035
BAXTER AR,44993.036,05005
KERSHAW SC,44921.925,45055
CRITTENDEN AR,44837.925,05035
ERIE OH,44708.132,39043
MASON WA,44601.024,53045
IRON UT,44529.268000000004,49021
SULLIVAN NY,44504.880000000005,36105
MCCLAIN OK,44480.92600000001,40087
FOND DU LAC WI,44463.29,55039
TOMPKINS NY,44243.939999999995,36109
ONTARIO NY,44240.130999999994,36069
NAPA CA,44215.824,06055
FRANKLIN WA,44183.008,53021
JACKSON IL,44151.5,17077
ALBEMARLE VA,44059.99,51003
MARQUETTE MI,44021.340000000004,26103
CAMDEN MO,43989.75,29029
RILEY KS,43871.112,20161
CATTARAUGUS NY,43843.392,36009
KOSCIUSKO IN,43462.432,18085
THOMAS GA,43428.627,13275
NEZ PERCE ID,43357.784,16069
NEWAYGO MI,43347.3,26123
GRAFTON NH,43325.052,33009
POLK TX,43290.579,48373
DUNKLIN MO,43288.666,29069
ARLINGTON VA,42868.402,51013
PIKE MS,42784.632000000005,28113
WARRICK IN,42712.644,18173
CHILTON AL,42650.88,01021
SCOTT MN,42617.71800000001,27139
KNOX IL,42244.15,17095
JACKSON FL,42236.74,12063
BELMONT OH,42213.78,39013
CLEARFIELD PA,42163.659999999996,42033
NYE NV,42103.315,32023
BROWN TX,41763.992,48049
MARION AL,41652.018,01093
GEORGETOWN SC,41619.520000000004,45043
SALINE IL,41579.07,17165
SAMPSON NC,41549.274,37163
OZAUKEE WI,41487.765,55089
UNION AR,41428.422,05139
EDDY NM,41389.68,35015
LINCOLN OR,41268.612,41041
ARMSTRONG PA,41171.46,42005
CORYELL TX,41089.491,48099
OLMSTED MN,40997.887,27109
FRANKLIN IL,40815.609,17055
LOUDON TN,40767.272,47105
MILLER AR,40748.094,05091
RHEA TN,40695.909,47143
SISKIYOU CA,40621.886999999995,06093
JEFFERSON WI,40519.582,55055
COLUMBIA PA,40407.608,42037
DOUGLAS NV,40395.53,32005
CHAVES NM,40384.375,35005
BEDFORD TN,40168.104,47003
WAGONER OK,40156.765999999996,40145
HURON OH,40145.274,39077
WALKER TX,40134.05,48471
MONONGALIA WV,40132.56,54061
HARRISON TX,40131.458999999995,48203
HAWKINS TN,40090.916,47073
WASHINGTON VA,39982.560000000005,51191
WISE TX,39960.864,48497
COLUMBIA WI,39927.208000000006,55021
HUNTERDON NJ,39923.091,34019
MARION IL,39883.76,17121
EFFINGHAM GA,39863.520000000004,13103
GILA AZ,39811.265999999996,04007
INDIANA PA,39682.456000000006,42063
HENRY IN,39672.844000000005,18065
HABERSHAM GA,39526.015999999996,13137
HALL NE,39449.979,31079
KERR TX,39344.799999999996,48265
COLLETON SC,39297.111,45029
FREDERICK VA,39208.407,51069
PONTOTOC OK,39164.532,40123
ATASCOSA TX,39080.892,48013
FRANKLIN TN,38957.984,47051
CHAMBERS AL,38940.434,01017
VANCE NC,38656.38,37181
LEWIS AND CLARK MT,38604.192,30049
DEARBORN IN,38527.782,18029
COLES IL,38471.96,17029
KLAMATH OR,38349.756,41035
WOOD WI,38324.475,55141
TOOELE UT,38152.752,49045
WAYNE NY,38125.231999999996,36117
WALLA WALLA WA,38096.520000000004,53071
PASQUOTANK NC,37992.096000000005,37139
ATHENS OH,37954.987,39009
STEPHENS GA,37954.200000000004,13257
CASS ND,37839.984000000004,38017
FRANKLIN KY,37784.331,21073
PUTNAM WV,37595.7,54079
GRUNDY IL,37575.744,17063
LENOIR NC,37541.778999999995,37107
TALLAPOOSA AL,37541.310000000005,01123
JOHNSON IA,37482.72,19103
SCOTT MO,37476.12,29201
GEAUGA OH,37365.951,39055
LAWRENCE OH,37342.763999999996,39087
BOX ELDER UT,37326.636,49003
JESSAMINE KY,37122.88999999999,21113
MANITOWOC WI,37042.089,55071
WOOD TX,36932.12899999999,48499
LYON NV,36748.89,32019
JEFFERSON WV,36573.44,54037
COLQUITT GA,36525.6,13071
NELSON KY,36524.07,21179
GALLATIN MT,36504.445999999996,30031
POLK OR,36413.955,41053
BALDWIN GA,36405.78999999999,13009
FAUQUIER VA,36394.442,51061
OKEECHOBEE FL,36390.984,12093
VAN ZANDT TX,36387.369999999995,48467
KNOX IN,36374.436,18083
MALHEUR OR,36226.634999999995,41045
DUBOIS IN,36026.448,18037
SCOTT KY,35969.524,21209
CRISP GA,35951.804,13081
SOMERSET PA,35915.583,42111
LEVY FL,35734.083,12075
WATAUGA NC,35672.395,37189
NEWPORT RI,35623.588,44005
UPSON GA,35610.96,13293
LE FLORE OK,35395.63,40079
GILMER GA,35352.863,13123
HANCOCK OH,35314.878000000004,39063
WEAKLEY TN,35294.352,47183
BOONE IN,35074.831,18011
AROOSTOOK ME,34935.655,23003
BLUE EARTH MN,34638.336,27013
MADISON NY,34619.208,36053
WAYNE GA,34565.685,13305
MARION MS,34475.919,28091
JASPER IN,34401.05,18073
CHESHIRE NH,34390.420000000006,33005
HIGHLAND OH,34356.155999999995,39071
HANCOCK MS,34295.04,28045
MARSHALL TN,34237.5,47117
DALE AL,34223.712,01045
BURNET TX,34190.05,48053
DAWSON GA,34149.264,13085
CLARKE AL,34110.168,01025
BARRY MO,33999.549999999996,29009
FRANKLIN VT,33988.576,50011
BUFFALO NE,33917.096999999994,31019
WINSTON AL,33883.986,01133
CHEROKEE AL,33845.231999999996,01019
CARVER MN,33838.658,27019
AMADOR CA,33828.952,06005
PUTNAM NY,33822.08,36079
CHEATHAM TN,33712.94300000001,47021
PHELPS MO,33697.188,29161
JEFFERSON IL,33651.812,17081
BOYD KY,33590.242000000006,21019
MONTGOMERY NY,33568.722,36057
ISABELLA MI,33538.56,26073
SWEETWATER WY,33535.656,56037
MARION WV,33474.984000000004,54049
HARDIN TN,33424.556000000004,47071
FRANKLIN VA,33401.032,51067
WEXFORD MI,33294.69,26165
CLAY KY,33294.373,21051
MONTGOMERY KY,33281.574,21173
KAY OK,33263.032,40071
IONIA MI,33254.258,26067
PICKENS GA,33210.22900000001,13227
CHRISTIAN KY,33187.131,21047
WARREN MS,33173.511,28149
ADAMS PA,33168.898,42001
PULASKI VA,33108.271,51155
LINCOLN MO,33106.293,29113
SANDUSKY OH,33004.151999999995,39143
JOHNSON KY,32904.804000000004,21115
MONTGOMERY KS,32815.699,20125
WASHINGTON NY,32805.344,36115
GRAND FORKS ND,32641.97,38035
MORGAN IL,32547.286,17137
HARRISON IN,32493.03,18061
DARE NC,32345.865999999998,37055
WAUPACA WI,32327.659999999996,55135
DAVIE NC,32305.884000000002,37059
STOKES NC,32141.655000000002,37169
MUHLENBERG KY,32122.478000000003,21177
EMMET MI,32111.814999999995,26047
CARBON PA,32091.000000000004,42025
GRAVES KY,32086.026,21083
SUWANNEE FL,32069.074000000004,12121
MCNAIRY TN,32014.724,47109
WASHINGTON MS,32009.661,28151
HANCOCK WV,32007.91,54029
FANNIN GA,31975.548,13111
GRANVILLE NC,31974.346999999998,37077
DUPLIN NC,31955.103999999996,37061
CLATSOP OR,31937.856000000003,41007
SAUK WI,31834.347999999998,55111
MARSHALL IN,31779.246,18099
BLADEN NC,31707.618000000006,37017
CAYUGA NY,31702.464,36011
LEE IA,31637.579999999998,19111
WARD ND,31588.347,38101
CLINTON OH,31517.967999999997,39027
EDGECOMBE NC,31500.864,37065
COOKE TX,31479.090999999997,48097
CHESTERFIELD SC,31452.850000000002,45025
ANDERSON TX,31350.105,48001
OXFORD ME,31248.524999999998,23017
WORCESTER MD,31208.772,24047
SALEM NJ,31192.5,34033
OLDHAM KY,31128.334000000003,21185
OTSEGO MI,31032.344,26137
TALBOT MD,30934.592,24041
SHERBURNE MN,30921.684,27141
MARSHALL KY,30913.4,21157
MAYES OK,30907.2,40097
STORY IA,30883.206,19169
ISLAND WA,30821.042,53029
CHEROKEE TX,30797.910000000003,48073
CRAWFORD KS,30782.674,20037
CHEROKEE NC,30757.9,37039
MURRAY GA,30673.44,13213
NAVARRO TX,30669.156000000003,48349
PERSON NC,30644.239999999994,37145
FULTON NY,30641.842,36035
GARFIELD CO,30631.11,08045
GRAYSON KY,30602.465999999997,21085
CROW WING MN,30510.795,27035
DALLAS AL,30500.719999999998,01047
STEPHENSON IL,30436.632000000005,17177
BELKNAP NH,30406.288,33001
RUTLAND VT,30375.702,50021
MECOSTA MI,30373.647,26107
CALLOWAY KY,30342.778,21035
UNION OH,30319.832,39159
TUSCOLA MI,30249.855000000003,26157
OTSEGO NY,30162.951,36077
BARRY MI,30159.5,26015
CLARK KY,30134.552999999996,21049
CARBON UT,30121.535999999996,49007
PICKAWAY OH,30105.355000000003,39129
COWLEY KS,30090.696,20035
DELAWARE OK,29934.263999999996,40041
JACKSON NC,29921.778,37099
PIKE AL,29835.713999999996,01109
BRADFORD PA,29799.562,42015
CAMDEN GA,29738.303999999996,13039
WEBSTER MO,29694.0,29225
IOSCO MI,29674.987,26069
COLUMBIA NY,29671.039,36021
MONTGOMERY IN,29635.273999999998,18107
DODGE WI,29601.743000000002,55027
DILLON SC,29564.63,45033
VENANGO PA,29539.444,42121
CLINTON IA,29528.844,19045
OTERO NM,29493.13,35035
TOOMBS GA,29486.170000000002,13279
SUMTER GA,29435.428000000004,13261
GILES TN,29405.071999999996,47055
DES MOINES IA,29381.118000000002,19057
BROWN OH,29316.6,39015
JIM WELLS TX,29308.968,48249
WALKER GA,29299.62,13295
COLUMBIA OR,29265.886,41009
CLARE MI,29247.75,26035
LINCOLN TN,29176.734000000004,47103
FRANKLIN MA,29124.699999999997,25011
LACLEDE MO,29114.245000000003,29105
ADAMS MS,29096.964,28001
DODGE NE,29069.175,31053
BENTON OR,29032.536,41003
NOBLE IN,28980.608,18113
LAWRENCE AL,28973.120000000003,01079
BROOMFIELD CO,28961.115,08014
JEFFERSON IN,28947.967999999997,18077
OUACHITA AR,28946.915999999997,05103
KAUAI HI,28917.199999999997,15007
JACKSON OH,28912.396,39079
NEWTON MO,28885.056,29145
ALPENA MI,28859.48,26007
STEVENS WA,28851.213000000003,53065
FRANKLIN NC,28849.59,37069
MASON MI,28823.416,26105
DECATUR GA,28806.764,13087
PETTIS MO,28790.52,29159
NESHOBA MS,28768.584,28099
HARLAN KY,28715.040000000005,21095
CURRY OR,28702.100000000002,41015
DELTA MI,28698.768,26041
HENDERSON TN,28679.34,47077
PORTAGE WI,28662.66,55097
SHELBY KY,28630.016,21211
LIBERTY GA,28567.275,13179
FRANKLIN NY,28562.562,36033
HOPKINS TX,28554.679999999997,48223
LEAVENWORTH KS,28533.542,20103
MCKEAN PA,28518.75,42083
OKMULGEE OK,28502.564999999995,40111
WASCO OR,28496.376,41065
SENECA OH,28416.67,39147
LAFAYETTE MS,28413.994000000002,28071
LINCOLN NE,28385.082,31111
CARROLL TN,28377.874000000003,47017
LOGAN OH,28362.312,39091
CHIPPEWA WI,28320.204,55017
LINCOLN MS,28312.837,28085
OBION TN,28294.928999999996,47131
GUERNSEY OH,28145.500000000004,39059
MONTROSE CO,28134.764,08085
ROSCOMMON MI,28126.249,26143
CLINTON MI,28017.440000000002,26037
GRADY OK,27917.0,40051
PANOLA MS,27900.672,28107
MARENGO AL,27898.377,01091
HOT SPRING AR,27894.845999999998,05059
MADISON NE,27868.606000000003,31119
GRENADA MS,27857.236,28043
MARSHALL WV,27844.272,54051
CRAWFORD OH,27842.474,39033
BOYLE KY,27805.500000000004,21021
CERRO GORDO IA,27762.300000000003,19033
ASOTIN WA,27753.278000000002,53003
WASHINGTON FL,27740.097,12133
WHITE TN,27727.83,47185
JOHNSON AR,27720.853999999996,05071
MARION MO,27645.570000000003,29127
MCDOWELL NC,27590.868,37111
LEFLORE MS,27506.607999999997,28083
CARROLL NH,27438.510000000002,33003
HENRY VA,27401.894,51089
BRYAN GA,27342.629999999997,13029
SCOTT TN,27320.184,47151
SCOTT IN,27286.839,18143
BEN HILL GA,27137.5,13017
MONTGOMERY IL,27135.37,17135
OKTIBBEHA MS,27124.089,28105
DEL NORTE CA,27061.076,06015
CALAVERAS CA,26946.235,06009
RAVALLI MT,26940.69,30081
GREENBRIER WV,26932.374,54025
SCOTTS BLUFF NE,26891.59,31157
GLOUCESTER VA,26853.212000000003,51073
SHELBY IN,26837.4,18145
WAYNE PA,26810.442000000003,42127
FREMONT CO,26742.001,08043
MONROE MS,26685.764,28095
GIBSON IN,26657.928,18051
WAPELLO IA,26646.378,19179
MARION SC,26640.933,45067
SCOTT VA,26569.312,51169
BINGHAM ID,26495.026,16011
ERATH TX,26472.760000000002,48143
RIO ARRIBA NM,26466.28,35039
JACKSON IN,26450.138,18071
HARVEY KS,26441.472,20079
SILVER BOW MT,26395.739999999998,30093
LOGAN KY,26370.246,21141
LEE VA,26350.875,51105
CHATTOOGA GA,26325.917999999998,13055
GEORGE MS,26264.0,28039
BLOUNT AL,26253.003999999997,01009
MACON NC,26248.056,37113
FRANKLIN GA,26244.276,13119
ELLIS KS,26211.653999999995,20051
WASHINGTON VT,26167.232,50023
WHITESIDE IL,26152.95,17195
NICHOLAS WV,26112.736,54067
WARREN VA,26106.6,51187
BAKER FL,25996.9,12003
CAMPBELL WY,25950.960000000003,56005
BEDFORD VA,25911.016,51019
WILSON TX,25892.49,48493
SHELBY OH,25801.29,39149
LIVINGSTON NY,25794.739999999998,36051
MIFFLIN PA,25791.142,42087
WHITE GA,25747.128,13311
GRAHAM AZ,25710.094,04009
POINSETT AR,25692.576,05111
RIPLEY IN,25689.868000000002,18137
TRANSYLVANIA NC,25651.21,37175
CLEBURNE AR,25591.813000000002,05023
TATE MS,25517.220999999998,28137
GREENE NY,25387.144,36039
PALO PINTO TX,25336.052,48363
KENDALL TX,25328.154,48259
MADISON OH,25317.746,39097
RICE MN,25315.415999999997,27131
PENDER NC,25287.06,37141
SMYTH VA,25257.256000000005,51173
MCDUFFIE GA,25254.72,13189
LAUDERDALE TN,25222.872,47097
LETCHER KY,25173.904,21133
ELBERT GA,25067.363999999998,13105
HANCOCK ME,25019.085,23009
BARTON KS,25005.63,20009
GENESEE NY,24974.079999999998,36037
CUSTER OK,24797.565,40039
RABUN GA,24797.238999999998,13241
BARRON WI,24793.712,55005
NEWBERRY SC,24716.92,45071
HENRY MO,24704.768,29083
HERTFORD NC,24671.434,37091
SOMERSET ME,24636.192,23025
BONNER ID,24516.104,16017
KNOX KY,24479.969999999998,21121
CULPEPER VA,24461.324999999997,51047
BRANCH MI,24369.52,26023
MARINETTE WI,24331.05,55075
GRATIOT MI,24223.045000000002,26057
WARREN PA,24141.656000000003,42123
SANPETE UT,24132.42,49039
RUSSELL VA,24060.33,51167
OGEMAW MI,24041.565,26129
YORK VA,24034.56,51199
HENRY IL,24016.283,17073
CHATHAM NC,23979.340000000004,37037
MARLBORO SC,23976.324,45069
FULTON IL,23969.319999999996,17057
LA PLATA CO,23893.925000000003,08067
BUCHANAN VA,23860.543999999998,51027
RANDOLPH MO,23857.072,29175
OTTER TAIL MN,23850.876000000004,27111
DEKALB TN,23809.38,47041
CORTLAND NY,23790.5,36023
HART GA,23767.935,13147
WAYNE WV,23759.406,54099
UNION SC,23737.604000000003,45087
FAYETTE TN,23733.741,47047
WHARTON TX,23728.476000000002,48481
MONROE WI,23727.788999999997,55081
FULTON OH,23716.938,39051
WHITLEY IN,23706.872,18183
HERKIMER NY,23546.496000000003,36043
HENDRY FL,23532.32,12051
RUSK TX,23503.392,48401
JEFFERSON PA,23492.925,42065
WEBSTER IA,23445.312,19187
UNION MS,23397.78,28145
WASHINGTON TX,23359.181999999997,48477
UNION GA,23334.472,13291
JOHNSON MO,23300.722,29101
FREMONT WY,23242.512000000002,56013
CHEBOYGAN MI,23228.644,26031
CLARENDON SC,23182.815,45027
HUNTINGTON IN,23153.68,18069
KNOX OH,23059.14,39083
CHESTER SC,23054.46,45023
MADISON GA,23037.48,13195
FORD KS,23029.015,20057
OHIO WV,23024.516,54069
ITASCA MN,23016.3,27061
CURRY NM,23008.38,35009
UNION OR,22970.760000000002,41061
DOUGLAS MN,22960.882,27041
DEFIANCE OH,22928.374,39039
ORANGE VA,22897.518,51137
WAKULLA FL,22875.041999999998,12129
FENTRESS TN,22857.382,47049
OTTAWA OK,22847.218,40115
TITUS TX,22826.75,48449
FAYETTE WV,22772.022,54019
MONROE AL,22764.834000000003,01099
STONE MO,22749.824,29209
ADAIR MO,22732.671000000002,29001
DOUGLAS WA,22713.367,53017
WABASH IN,22689.072,18169
SAN BENITO CA,22673.688000000002,06069
LIVINGSTON IL,22672.128,17105
TILLAMOOK OR,22656.168,41057
MONROE IL,22652.598,17133
STEUBEN IN,22624.476000000002,18151
WYTHE VA,22602.992,51197
JEFFERSON WA,22554.699999999997,53031
BOONE WV,22529.85,54005
MARSHALL IA,22519.068,19127
LUMPKIN GA,22485.090000000004,13187
WAYNE KY,22467.965,21231
FINNEY KS,22463.672000000002,20055
OCONEE GA,22435.960000000003,13219
FRANKLIN KS,22402.088,20059
JACKSON OK,22395.89,40065
HARDEMAN TN,22369.649999999998,47069
FAYETTE IN,22339.634000000002,18041
TAYLOR FL,22280.777,12123
HILLSDALE MI,22255.239999999998,26059
SIMPSON MS,22206.113999999998,28127
MATAGORDA TX,22205.658,48321
CLINTON PA,22174.768,42035
OKANOGAN WA,22135.332,53047
OHIO KY,22098.474,21183
CLAY MN,22092.368,27027
ELKO NV,22061.203999999998,32007
ONEIDA WI,22033.305,55085
COLUMBIA AR,22026.123,05027
JUNEAU WI,21963.400999999998,55057
GREENE PA,21957.198,42059
TAYLOR KY,21955.188000000002,21217
JERSEY IL,21838.319,17083
HOWARD TX,21815.079999999998,48227
GRANT KY,21810.03,21081
ALLEGANY NY,21801.043,36003
CLARK AR,21739.68,05019
HEMPSTEAD AR,21725.788,05057
EMANUEL GA,21717.514000000003,13107
DAVIESS IN,21711.500999999997,18027
KANDIYOHI MN,21685.898,27067
POLK WI,21672.585,55095
CHAMPAIGN OH,21658.945000000003,39021
PIKE PA,21653.892,42103
STODDARD MO,21652.649999999998,29207
BOONE IL,21631.776,17007
GREENUP KY,21620.368000000002,21089
RANDOLPH WV,21607.335,54083
SEVIER UT,21576.76,49041
WARREN IA,21564.253999999997,19181
MACON TN,21551.352,47111
CONWAY AR,21533.918,05029
PHILLIPS AR,21480.656,05107
PERRY OH,21463.595999999998,39127
UNICOI TN,21459.600000000002,47171
TIOGA PA,21350.866,42117
WINDHAM VT,21322.11,50025
CASS IN,21294.285,18017
ADAMS NE,21264.113999999998,31001
PARK WY,21253.232,56029
BARBOUR AL,21229.960000000003,01005
MECKLENBURG VA,21166.204,51117
ASHE NC,21163.933999999997,37009
LIMESTONE TX,21140.174000000003,48293
TISHOMINGO MS,21030.555,28141
JENNINGS IN,21023.13,18079
GADSDEN FL,21003.600000000002,12039
CLARION PA,20987.148,42031
STARKE IN,20948.444999999996,18149
ISLE OF WIGHT VA,20929.476,51093
PONTOTOC MS,20913.100000000002,28115
GRUNDY TN,20865.558,47061
PIKE OH,20856.772,39131
CASS TX,20838.044,48067
MCPHERSON KS,20835.66,20113
OTTAWA OH,20829.85,39123
FAYETTE OH,20823.25,39047
MUSCATINE IA,20820.032,19139
GREENE IN,20717.378000000004,18055
WHITMAN WA,20642.848,53075
BUTLER AL,20614.879999999997,01013
DREW AR,20587.47,05043
BEDFORD PA,20543.951999999997,42009
COPIAH MS,20459.385,28029
DELTA CO,20442.271999999997,08029
CHENANGO NY,20393.424000000003,36017
MARION TN,20379.435,47115
CHRISTIAN IL,20319.216,17021
STONE MS,20297.952,28131
SHARP AR,20285.046,05135
LYON KS,20282.145,20111
POLK MO,20221.721,29167
PLATTE NE,20182.41,31141
OVERTON TN,20150.345999999998,47133
LEE IL,20082.543999999998,17103
COSHOCTON OH,20020.2,39031
DARKE OH,19985.183,39037
ROWAN KY,19983.82,21205
TAOS NM,19961.030000000002,35055
CARROLL AR,19951.14,05015
PERRY PA,19943.232000000004,42099
LATAH ID,19933.676,16057
UNION IL,19916.987999999998,17181
HILL TX,19900.407,48217
MCDONOUGH IL,19857.258,17109
BRADFORD FL,19853.504,12007
GLADWIN MI,19824.771,26051
DELAWARE NY,19816.615,36025
MITCHELL GA,19807.877999999997,13205
PEACH GA,19805.574,13225
CASSIA ID,19800.72,16031
SCOTT MS,19799.296000000002,28123
ASHLEY AR,19794.599,05003
PREBLE OH,19786.888,39135
MCLEOD MN,19777.043,27085
HOKE NC,19773.772,37093
SEWARD KS,19670.904,20175
DORCHESTER MD,19572.477,24019
RANDOLPH AL,19540.92,01111
BELTRAMI MN,19535.832,27007
KNOX ME,19528.052000000003,23013
WAYNE TN,19524.083,47181
HALIFAX VA,19498.825,51083
COAHOMA MS,19491.244,28027
CEDAR MO,19457.244,29039
HUNTINGDON PA,19457.064000000002,42061
SNYDER PA,19418.932,42109
UINTA WY,19396.734,56041
POLK AR,19385.043999999998,05113
CHURCHILL NV,19354.293,32001
WASHINGTON IN,19344.84,18175
JACKSON AR,19327.163999999997,05067
ARKANSAS AR,19304.544,05001
BROWN SD,19302.983,46013
GRANT WI,19289.625,55043
BACON GA,19280.228,13005
SMITH TN,19229.778000000002,47159
UNION PA,19227.043999999998,42119
ITAWAMBA MS,19203.19,28057
WAYNE MS,19194.033,28153
GRAY TX,19194.022,48179
WILLIAMSBURG SC,19192.576,45089
BREATHITT KY,19147.079999999998,21025
GLENN CA,19136.882,06021
GREENE GA,19111.932,13133
ADAMS OH,19111.620000000003,39001
MARTIN NC,19051.56,37117
HOCKING OH,19021.672,39073
TELLER CO,19015.612,08119
APPLING GA,18992.738,13001
JASPER IA,18964.350000000002,19099
STARR TX,18937.469,48427
BEE TX,18920.265,48025
CALHOUN TX,18905.52,48057
BOLIVAR MS,18897.476,28011
LINCOLN SD,18888.552,46083
BECKHAM OK,18886.176000000003,40009
CLAY IN,18855.775,18021
PRENTISS MS,18844.5,28117
WRIGHT MO,18837.67,29229
DICKENSON VA,18828.170000000002,51051
SEQUATCHIE TN,18797.525999999998,47153
SUMMIT UT,18796.670000000002,49043
MEDINA TX,18776.576,48325
MCCURTAIN OK,18714.239999999998,40089
HALE TX,18707.36,48189
MINERAL WV,18673.260000000002,54057
ISANTI MN,18592.967999999997,27059
BENNINGTON VT,18586.28,50003
MIAMI IN,18574.868,18103
GILLESPIE TX,18567.744,48171
WILLIAMS ND,18531.376999999997,38105
MANISTEE MI,18516.732000000004,26101
DALLAS IA,18503.694,19049
EFFINGHAM IL,18432.336,17049
EAGLE CO,18412.417999999998,08037
SHENANDOAH VA,18405.952,51171
GARRETT MD,18394.876,24023
LAMAR MS,18369.469999999998,28073
UINTAH UT,18367.275999999998,49047
GEARY KS,18305.26,20061
CARLTON MN,18294.21,27017
RUSSELL KY,18263.537,21207
PUTNAM IN,18261.936,18133
HOWARD AR,18218.760000000002,05061
STONE AR,18183.724000000002,05137
ADAMS IN,18174.715999999997,18001
BIBB AL,18161.534,01007
WYOMING WV,18130.266,54109
LABETTE KS,18127.032000000003,20099
DOUGLAS WI,18123.0,55031
MASSAC IL,18096.408,17127
KITTITAS WA,18071.495000000003,53037
WOODWARD OK,18048.423,40153
WARREN MO,18038.394,29219
CROOK OR,17985.748,41013
AMHERST VA,17951.64,51009
YANKTON SD,17863.361999999997,46135
ELK PA,17856.27,42047
HUMPHREYS TN,17838.72,47085
LITTLE RIVER AR,17812.327,05081
CLAY MS,17712.772,28025
STARK ND,17696.818,38089
FANNIN TX,17685.971999999998,48147
ADAIR KY,17685.042,21001
YADKIN NC,17665.823,37197
JASPER TX,17657.913,48241
LOGAN IL,17657.306,17107
MORRISON MN,17594.422000000002,27097
ARANSAS TX,17585.48,48007
CRAWFORD MO,17581.2,29055
MADISON ID,17559.079999999998,16065
ESTILL KY,17547.864,21065
TATTNALL GA,17523.198,13267
WASATCH UT,17454.592,49051
LAKE MT,17452.433999999997,30047
CHIPPEWA MI,17441.983,26033
KLEBERG TX,17395.56,48273
ROCKINGHAM VA,17372.976,51165
WINONA MN,17366.496,27169
MARION IA,17324.813,19125
WYOMING NY,17258.946999999996,36121
POLK TN,17235.968,47139
HURON MI,17225.436,26063
WELLS IN,17203.967999999997,18179
COVINGTON MS,17145.120000000003,28031
SUSQUEHANNA PA,17139.399999999998,42115
MURRAY OK,17126.841,40099
ORLEANS NY,17109.248,36073
KINGFISHER OK,17089.260000000002,40073
PRESTON WV,17083.752,54077
LINCOLN MT,17022.960000000003,30053
BUTTS GA,16981.416,13035
UVALDE TX,16873.571000000004,48463
COOK GA,16872.79,13075
CHARLEVOIX MI,16836.092,26029
MCCREARY KY,16765.763,21147
PANOLA TX,16722.874,48365
MONTEZUMA CO,16704.753999999997,08083
CALDWELL TX,16679.648,48055
GRAINGER TN,16650.48,47057
DICKINSON MI,16632.501,26043
SULLIVAN NH,16568.064,33019
CLINTON IN,16523.49,18023
GEM ID,16500.032,16045
JACKSON WV,16488.352,54035
MONROE GA,16464.066,13207
PRINCE EDWARD VA,16463.044,51147
HOOD RIVER OR,16460.928,41027
FULTON IN,16438.602,18049
POWELL KY,16437.47,21197
SALINE MO,16433.442000000003,29195
KENT MD,16431.012,24029
LEAKE MS,16428.706,28079
GRADY GA,16380.945000000002,13131
PAGE VA,16372.87,51139
RANDOLPH IL,16367.73,17157
AUGLAIZE OH,16344.847999999998,39011
MITCHELL NC,16340.687999999998,37121
LAWRENCE MO,16262.52,29109
SAGADAHOC ME,16242.767999999998,23023
GALLIA OH,16204.716000000002,39053
VAN BUREN AR,16181.009999999998,05141
ALLEN KS,16178.652000000002,20001
CROSS AR,16172.715,05037
ASHLAND OH,16152.168000000001,39005
MERCER KY,16098.822000000002,21167
BRISTOL RI,16095.028000000002,44001
HARDIN OH,16058.88,39065
TIPPAH MS,16026.92,28139
YOUNG TX,16010.890000000001,48503
LESLIE KY,15980.986,21131
ALAMOSA CO,15973.272000000003,08003
MAGOFFIN KY,15955.231999999998,21153
WORTH GA,15954.635999999999,13321
COOS NH,15939.315,33007
ANSON NC,15938.792000000001,37007
VAL VERDE TX,15933.125,48465
GREEN WI,15929.760000000002,55045
LASSEN CA,15806.241000000002,06035
CODINGTON SD,15741.057999999999,46029
WHITE IN,15714.504,18181
MARION KY,15707.494999999999,21155
MARSHALL MS,15705.83,28093
LINCOLN WI,15672.823999999999,55069
BENTON MO,15671.057999999999,29015
TIOGA NY,15665.974999999999,36107
LAWRENCE SD,15661.464,46081
ELMORE ID,15653.759,16039
LOGAN OK,15651.586000000001,40083
GOODHUE MN,15616.58,27049
BOURBON KY,15592.944,21017
WILBARGER TX,15578.18,48487
HOCKLEY TX,15562.196,48219
CARTER KY,15542.260000000002,21043
AUDRAIN MO,15537.456,29007
POLK MN,15525.179999999998,27119
HAMPTON SC,15492.931999999999,45049
CAMPBELL VA,15477.57,51031
BARNWELL SC,15461.705999999998,45011
LOGAN CO,15439.801000000001,08075
ANDERSON KY,15422.465999999999,21005
CLAY AR,15409.509,05021
OTERO CO,15390.076000000001,08089
ALLEN KY,15389.43,21003
BENTON TN,15255.04,47005
BAKER OR,15253.304,41001
JASPER SC,15247.011000000002,45053
MERIWETHER GA,15219.073,13199
WADENA MN,15214.384,27159
SIMPSON KY,15210.468,21213
MASON WV,15193.668000000001,54053
WASHINGTON ME,15156.057,23029
MERCER OH,15110.124000000002,39107
WOODFORD KY,15104.71,21239
ESSEX NY,15049.08,36031
PERRY IN,15047.664999999999,18123
DODGE GA,15041.650000000001,13091
FAYETTE AL,15030.444000000001,01057
RANDOLPH AR,15012.888,05121
RANDOLPH IN,14946.990000000002,18135
CARROLL IA,14901.935000000001,19027
SEMINOLE OK,14894.412,40133
CALDWELL KY,14888.496,21033
BURKE GA,14884.695000000002,13033
JAY IN,14877.408000000001,18075
ORANGE IN,14832.730000000001,18117
MASON KY,14816.759999999998,21161
CALLAWAY MO,14809.933,29027
SHELBY TX,14760.016,48419
MAVERICK TX,14739.222000000002,48323
ATTALA MS,14702.766000000001,28007
MORGAN CO,14679.34,08087
CHAFFEE CO,14635.964000000002,08015
GRANT NM,14632.916000000001,35017
LAS ANIMAS CO,14622.048,08071
UNION KY,14596.715,21225
CANDLER GA,14594.853,13043
DOOR WI,14581.036000000002,55029
ALBANY WY,14580.0,56001
ORLEANS VT,14545.905999999999,50019
CHISAGO MN,14540.802999999998,27025
PULASKI MO,14466.925000000001,29169
BROOKE WV,14391.983999999999,54009
CLAY IA,14382.367999999999,19041
PINE MN,14345.815,27115
LEWIS TN,14316.756000000001,47101
CASS MI,14293.212000000001,26027
DECATUR TN,14252.186,47039
WASHINGTON GA,14241.426000000001,13303
SUMMIT CO,14234.049,08117
BLECKLEY GA,14224.664999999999,13023
GILES VA,14195.28,51071
FAYETTE TX,14193.76,48149
WINDSOR VT,14150.934,50027
SCHOHARIE NY,14135.544000000002,36095
MORROW OH,14131.199999999999,39117
HUTCHINSON TX,14112.212000000001,48233
WINSTON MS,14058.765000000001,28159
JEFFERSON GA,14025.506,13163
YAZOO MS,14013.68,28163
CHESTER TN,14010.57,47023
NEOSHO KS,14006.125,20133
CLAY AL,13989.395,01027
LUNA NM,13988.31,35029
SHAWANO WI,13987.458000000002,55115
HARRISON KY,13975.640000000001,21097
MADISON MO,13937.464,29123
HOLMES FL,13908.453,12059
WILLIAMS OH,13906.268,39171
MEADE KY,13885.992000000002,21163
JEROME ID,13866.016,16053
PIKE MO,13854.614000000001,29163
LANGLADE WI,13816.079999999998,55067
DECATUR IN,13810.679999999998,18031
MARTIN KY,13792.24,21159
MILLER MO,13783.021999999999,29131
CHOWAN NC,13747.798,37041
CADDO OK,13690.712000000001,40015
APPOMATTOX VA,13683.460000000001,51011
JOHNSON TN,13678.972,47091
FOUNTAIN IN,13665.256,18045
SENECA NY,13640.416000000001,36099
HICKMAN TN,13621.298,47081
MILAM TX,13603.003999999999,48331
ATCHISON KS,13581.685,20005
SULLIVAN IN,13579.533000000001,18153
MONTAGUE TX,13575.33,48337
AUSTIN TX,13544.432,48015
BROOKS GA,13540.331999999999,13027
ADDISON VT,13533.935999999998,50001
CALEDONIA VT,13526.843,50005
MACOUPIN IL,13522.726,17117
MCKINLEY NM,13488.362999999998,35031
SAN MIGUEL NM,13474.837999999998,35047
WALDO ME,13463.384999999998,23027
VAN WERT OH,13458.9,39161
WYOMING PA,13450.588,42131
MAHASKA IA,13433.759999999998,19123
POSEY IN,13374.602,18129
YANCEY NC,13371.06,37199
NODAWAY MO,13343.568,29147
PAGE IA,13324.374,19145
JEFFERSON IA,13282.169999999998,19101
LOUISA VA,13269.623,51109
DUNN WI,13247.456,55033
CRAWFORD MI,13243.376,26039
MADISON FL,13240.988,12079
LAWRENCE KY,13233.887999999999,21127
SEQUOYAH OK,13177.373,40135
DAVISON SD,13170.15,46035
MILLE LACS MN,13164.777,27095
JONES GA,13074.425000000001,13169
CHAMBERS TX,13063.426000000001,48071
LIVINGSTON MO,13049.539,29117
OWEN IN,13040.973000000002,18119
LINCOLN KY,13035.519,21137
LINCOLN NM,13015.38,35027
CARROLL KY,13012.344000000001,21041
CHICKASAW MS,12998.28,28017
LAFAYETTE MO,12985.076000000001,29107
STEELE MN,12973.746,27147
DAWSON NE,12953.654999999999,31047
BOURBON KS,12920.726,20011
EASTLAND TX,12907.08,48133
MCDOWELL WV,12900.768000000002,54047
OCEANA MI,12889.429000000002,26127
IROQUOIS IL,12879.15,17075
ADAIR OK,12872.52,40001
LAMOILLE VT,12858.534000000001,50015
LAMAR GA,12800.667,13171
UNION IA,12791.845,19175
FRANKLIN ME,12743.978000000001,23007
IZARD AR,12729.486,05065
RAY MO,12728.954,29177
PAWNEE OK,12724.152,40117
MORGAN TN,12691.979,47129
RIPLEY MO,12676.752,29181
KALKASKA MI,12662.676,26079
DENT MO,12660.848999999998,29065
DAKOTA NE,12656.432,31043
PICKENS AL,12635.62,01107
PRATT KS,12609.663999999999,20151
EDGEFIELD SC,12594.120000000003,45037
SEMINOLE GA,12563.770000000002,13253
TROUSDALE TN,12559.092,47169
PLUMAS CA,12525.461999999998,06063
BOONE IA,12513.618,19015
HAMPSHIRE WV,12444.975,54027
VERNON MO,12420.052,29217
STUTSMAN ND,12380.991999999998,38093
FULTON AR,12339.753,05049
MONTGOMERY NC,12336.542000000001,37123
BENTON MN,12307.589,27009
BECKER MN,12289.011000000002,27005
IRON MO,12271.5,29093
CLAY NC,12253.020999999999,37043
UNION TN,12222.864000000001,47173
SUMNER KS,12217.26,20191
HOUGHTON MI,12203.928,26061
SCURRY TX,12193.19,48415
MARTIN MN,12183.777,27091
OSCEOLA MI,12175.74,26133
WEBSTER KY,12139.595999999998,21233
UNION SD,12124.251999999999,46127
LEE GA,12116.768,13177
BROOKINGS SD,12101.564999999999,46011
SAWYER WI,12070.782000000001,55113
CLAY TN,12001.24,47027
PEND OREILLE WA,11994.776000000002,53051
MORGAN GA,11951.119999999999,13211
PUTNAM GA,11877.903,13237
CRAIG OK,11865.137999999999,40035
YORK NE,11859.693,31185
MIAMI KS,11811.765,20121
RICHLAND IL,11805.392999999998,17159
CLINTON KY,11791.572000000002,21053
YELL AR,11780.232,05149
LINCOLN ME,11775.56,23015
HUGHES SD,11759.945999999998,46065
LAWRENCE IL,11742.822,17101
MORTON ND,11730.135999999999,38059
CHARLTON GA,11677.823999999999,13049
CLARKE MS,11671.291,28023
ARENAC MI,11668.272000000003,26011
CASEY KY,11650.639,21045
DESHA AR,11610.942000000001,05041
LINCOLN WY,11600.550000000001,56023
RAMSEY ND,11576.595,38071
CAROLINE MD,11558.476,24011
AVERY NC,11552.506,37011
ABBEVILLE SC,11552.217,45001
LLANO TX,11529.554999999998,48299
MADISON AR,11520.32,05087
WEBSTER MS,11442.708999999999,28155
APACHE AZ,11430.033,04001
MINGO WV,11407.488000000001,54059
SANILAC MI,11404.09,26151
LAWRENCE MS,11390.33,28077
BUTTE SD,11388.468,46017
EDGAR IL,11360.582000000002,17045
DUCHESNE UT,11344.722,49013
SHERIDAN WY,11340.420000000002,56033
LAMAR AL,11320.1,01075
SCOTT AR,11309.1,05127
OTOE NE,11288.460000000001,31131
GARVIN OK,11250.666000000001,40049
POWHATAN VA,11238.107999999998,51145
HENRY OH,11234.496000000001,39069
APPANOOSE IA,11233.104000000001,19007
CLINTON MO,11212.85,29049
ASHLAND WI,11173.516,55003
GRANT AR,11159.915,05053
NEW MADRID MO,11150.627999999999,29143
DICKINSON IA,11131.410000000002,19059
RED WILLOW NE,11120.788,31145
GULF FL,11074.867999999999,12045
EARLY GA,11066.34,13099
HASKELL OK,11061.251999999999,40061
LAMPASAS TX,11056.848,48281
MORGAN WV,11034.428,54065
JEFF DAVIS GA,10958.375,13161
BAMBERG SC,10957.414,45009
ACCOMACK VA,10955.124,51001
HALE AL,10929.645999999999,01065
HENRY IA,10914.838,19087
SOMERSET MD,10912.416000000001,24039
LOS ALAMOS NM,10904.747,35028
HAYWOOD TN,10901.519999999999,47075
MOORE TX,10846.92,48341
NORTHAMPTON VA,10820.04,51131
PIERCE GA,10783.61,13229
MOWER MN,10776.678,27099
JEFFERSON OR,10775.546000000002,41031
MONTOUR PA,10755.7,42093
GREENE VA,10741.898000000001,51079
VERMILLION IN,10709.117999999999,18165
KING GEORGE VA,10680.728,51099
CONECUH AL,10679.295,01035
OWSLEY KY,10675.47,21189
MCINTOSH OK,10660.224,40091
WILKES GA,10656.93,13317
LA PAZ AZ,10617.324,04012
LEWIS WV,10609.969,54041
FAYETTE IA,10571.699999999999,19065
JUNIATA PA,10549.038,42067
BOUNDARY ID,10542.945,16021
VERNON WI,10541.124000000002,55123
MORGAN KY,10540.728000000001,21175
TYLER TX,10532.592,48457
BOTETOURT VA,10526.985,51023
HART KY,10526.355,21099
UPSHUR WV,10516.56,54097
BRADLEY AR,10515.451,05011
MARSHALL OK,10480.289,40095
PIERCE WI,10474.730000000001,55093
LANCASTER VA,10465.161,51103
WAYNE IL,10426.245,17191
GASCONADE MO,10411.848,29073
GOGEBIC MI,10355.474999999999,26053
FAYETTE IL,10305.288,17051
BLEDSOE TN,10303.776,47007
MADISON IA,10276.601999999999,19121
ROUTT CO,10255.2,08107
BROWN MN,10253.28,27015
WHITE IL,10233.972,17193
WARREN IL,10224.308,17187
GENEVA AL,10219.418999999998,01061
CASS IA,10166.112000000001,19029
ROANE WV,10115.432,54087
MONTGOMERY IA,10095.506,19137
MOFFAT CO,10068.514000000001,08081
ROCKCASTLE KY,10050.39,21203
PAYETTE ID,10035.469,16075
SUMMERS WV,10008.108,54089
TETON WY,9995.663999999999,56039
WETZEL WV,9988.095,54103
BEADLE SD,9983.073,46005
KANABEC MN,9981.907000000001,27065
OGLE IL,9976.671,17141
PLYMOUTH IA,9970.092,19149
NEWTON MS,9962.532,28101
GONZALES TX,9960.086,48177
JEFFERSON ID,9947.042999999998,16051
LYON MN,9934.86,27083
SHOSHONE ID,9932.021999999999,16079
SWAIN NC,9918.345000000001,37173
SUNFLOWER MS,9893.34,28133
JEFFERSON DAVIS MS,9892.792000000001,28065
DE WITT IL,9883.216,17039
PUTNAM OH,9853.551000000001,39137
ALLEGHANY VA,9852.179999999998,51005
TOWNS GA,9846.266,13281
KNOTT KY,9831.184000000001,21119
CARROLL VA,9831.03,51035
WASHINGTON NC,9819.84,37187
MONROE KY,9819.300000000001,21171
BRAXTON WV,9811.770999999999,54007
POLK NC,9802.452,37149
PAMLICO NC,9735.390000000001,37137
CLINTON IL,9728.557999999999,17027
HARDIN IA,9720.142000000002,19083
NOLAN TX,9667.098,48353
TRIGG KY,9655.009,21221
EVANS GA,9652.524,13109
BOX BUTTE NE,9650.785,31013
TELFAIR GA,9642.88,13271
MEIGS OH,9598.033,39105
SOCORRO NM,9566.275,35053
OCONTO WI,9520.43,55083
CRAWFORD WI,9501.159,55023
PHELPS NE,9467.632,31137
CHILDRESS TX,9424.74,48075
TEXAS MO,9422.658,29215
MARION AR,9398.722,05089
BENZIE MI,9398.214,26019
HOUSTON TX,9393.912,48225
VILAS WI,9388.484999999999,55125
BREMER IA,9373.188,19017
LAVACA TX,9351.456,48285
FAIRFIELD SC,9341.045999999998,45039
ANTRIM MI,9329.6,26009
LARUE KY,9315.506,21123
FULTON KY,9311.64,21075
MADISON NC,9311.14,37115
LEE KY,9298.168,21129
RUSH IN,9285.36,18139
CALHOUN FL,9281.09,12013
WOODFORD IL,9268.619,17203
CANNON TN,9261.818000000001,47015
COMANCHE TX,9258.165,48093
HOLMES MS,9236.429999999998,28051
PULASKI GA,9199.162,13235
CUSTER MT,9190.011999999999,30017
SCHUYLER NY,9188.412,36097
PERRY MO,9185.28,29157
SAN JUAN WA,9177.804,53055
BERRIEN GA,9174.780999999999,13019
MORRIS TX,9154.732,48343
ANDREWS TX,9109.335000000001,48003
GRUNDY MO,9081.7,29079
BRANTLEY GA,9076.775,13025
BUTLER KY,9066.816,21031
BURNETT WI,9063.431999999999,55013
HOUSTON TN,9053.904,47083
BARTON MO,9027.072,29011
MADISON TX,8998.92,48313
AUGUSTA VA,8991.402,51015
AITKIN MN,8975.59,27001
TRINITY CA,8931.195,06105
MACON GA,8920.483,13193
WASHINGTON NE,8872.011999999999,31177
GAGE NE,8841.843,31067
CAROLINE VA,8818.074999999999,51033
GREEN LAKE WI,8813.458,55047
CLARK WI,8797.822,55019
FRANKLIN ID,8797.384,16041
FREEBORN MN,8781.49,27047
PIKE IN,8759.023000000001,18125
CLINCH GA,8755.614000000001,13065
MACON MO,8737.625999999998,29121
HUBBARD MN,8725.346,27057
REEVES TX,8722.895999999999,48389
DOUGLAS MO,8702.1,29067
BRECKINRIDGE KY,8682.248,21027
FRANKLIN IN,8670.798,18047
FALLS TX,8665.797,48145
MORGAN MO,8663.34,29141
WOLFE KY,8652.813,21237
BUREAU IL,8646.42,17011
TAYLOR WV,8614.619999999999,54091
WASHINGTON IA,8610.28,19183
HARDY WV,8610.0,54031
JUAB UT,8568.121,49023
PISCATAQUIS ME,8560.35,23021
PERRY IL,8533.728,17145
GAINES TX,8532.324,48165
TERRY TX,8512.53,48445
COLORADO TX,8489.735,48089
HARDEE FL,8485.155,12049
CHOCTAW AL,8484.986,01023
WASHINGTON ID,8481.408,16087
BLAINE ID,8471.728,16013
PATRICK VA,8469.448,51141
CALUMET WI,8414.952,55015
CUMBERLAND KY,8413.008,21057
IOWA WI,8382.011999999999,55049
BURLESON TX,8373.122,48051
LYON KY,8341.359999999999,21143
ROSEAU MN,8340.75,27135
CRAWFORD IA,8309.08,19047
SCREVEN GA,8295.804,13251
ARCHULETA CO,8291.139,08007
CALHOUN MS,8271.936000000002,28013
PITTSYLVANIA VA,8268.498,51143
HARRISON MO,8268.48,29081
IRON MI,8244.17,26071
NEW KENT VA,8243.487000000001,51127
CRENSHAW AL,8235.655999999999,01041
DADE GA,8235.276,13083
POWESHIEK IA,8215.776,19157
MARTIN IN,8204.0,18101
MARIPOSA CA,8188.628000000001,06043
PIKE AR,8167.116000000001,05109
CIBOLA NM,8162.55,35006
CUSTER NE,8158.189,31041
HENRY KY,8143.629999999999,21103
SEWARD NE,8140.764,31159
BLACKFORD IN,8136.536,18009
CARROLL OH,8128.027999999999,39019
FULTON PA,8093.210000000001,42057
POTTER PA,8081.213999999999,42105
CHICOT AR,8043.81,05017
FLEMING KY,8034.131,21069
BANDERA TX,8019.8640000000005,48019
CONVERSE WY,8016.76,56009
LEWIS NY,7993.983999999999,36049
NOTTOWAY VA,7981.567999999999,51135
BARBOUR WV,7941.003,54001
CASS NE,7900.648000000001,31025
HARDIN IL,7898.007,17069
WABASH IL,7891.2,17185
PENNINGTON MN,7878.401999999999,27113
CLARK IL,7874.91,17023
VALLEY ID,7860.4800000000005,16085
CROCKETT TN,7854.960000000001,47033
EMERY UT,7839.396,49015
CRITTENDEN KY,7828.534000000001,21055
GRANT WV,7785.264,54023
STEPHENS TX,7783.145999999999,48429
SANTA CRUZ AZ,7718.668000000001,04023
ALLEGHANY NC,7717.941,37005
WINNESHIEK IA,7676.544,19191
MACON AL,7660.832,01087
MISSISSIPPI MO,7644.400000000001,29133
WYANDOT OH,7641.972000000001,39175
EDMONSON KY,7605.900000000001,21061
BANKS GA,7597.43,13011
ESSEX VA,7579.476000000001,51057
SANDERS MT,7570.625,30089
FLOYD IA,7539.4439999999995,19067
DIMMIT TX,7522.132,48127
HUMBOLDT NV,7506.626,32013
INYO CA,7504.223999999999,06027
COTTONWOOD MN,7490.124,27033
KEITH NE,7487.688,31101
HOLMES OH,7473.200000000001,39075
CLARKE IA,7469.025000000001,19039
JEFFERSON NE,7461.714,31095
LINCOLN WA,7449.459,53043
HAMILTON IA,7445.592,19079
CARBON WY,7429.6,56007
WALTHALL MS,7428.720000000001,28147
RANDOLPH GA,7421.91,13243
HARRISON OH,7399.68,39067
SIERRA NM,7391.835,35051
SIOUX IA,7389.26,19167
SEVIER AR,7381.038,05133
KANE UT,7349.752,49025
MILLARD UT,7332.528,49027
NOBLES MN,7332.231,27105
ELBERT CO,7323.746,08039
NOXUBEE MS,7291.900000000001,28103
CLAY IL,7290.7519999999995,17025
FRIO TX,7289.853999999999,48163
SALUDA SC,7206.496,45081
ORANGE VT,7194.108,50017
WASHINGTON AL,7183.44,01129
GRAND UT,7149.682,49019
UNION FL,7130.916,12125
LOVE OK,7115.582,40085
UPSHUR TX,7098.009999999999,48459
FERGUS MT,7083.049999999999,30027
DUKES MA,7019.46,25007
RIO GRANDE CO,7019.340999999999,08105
COFFEY KS,7017.582,20031
CARIBOU ID,6976.125,16029
MONONA IA,6960.92,19133
SCHOOLCRAFT MI,6960.84,26153
TILLMAN OK,6945.5,40141
HANCOCK TN,6944.380000000001,47067
PERRY TN,6937.284000000001,47135
SALINE NE,6927.088000000001,31151
CAMP TX,6926.726,48063
HILL MT,6923.28,30041
LANIER GA,6920.872000000001,13173
LINCOLN WV,6918.651,54043
GILCHRIST FL,6893.922,12041
BOND IL,6882.494,17005
WHITE PINE NV,6868.86,32033
MENOMINEE MI,6856.780000000001,26109
SPENCER KY,6850.253999999999,21215
LEE TX,6843.883,48287
WILSON KS,6828.525,20205
GRAHAM NC,6803.445999999999,37075
KARNES TX,6802.036,48255
RAINS TX,6795.102,48379
WILLACY TX,6791.844000000001,48489
JASPER GA,6782.463000000001,13159
LEMHI ID,6774.7880000000005,16059
DAWSON TX,6771.296,48115
PROWERS CO,6767.6320000000005,08099
STEWART TN,6761.495,47161
GOODING ID,6754.655,16047
BALLARD KY,6752.127999999999,21007
FRANKLIN FL,6741.5,12037
TURNER GA,6723.37,13287
GREEN KY,6717.773999999999,21087
BENEWAH ID,6713.156000000001,16009
LINCOLN OK,6696.383999999999,40081
LAGRANGE IN,6694.766,18087
MONTGOMERY AR,6685.584000000001,05097
DEER LODGE MT,6672.200000000001,30023
DELAWARE IA,6668.312000000001,19055
COLUSA CA,6658.022999999999,06011
FLUVANNA VA,6653.879999999999,51065
CLEARWATER ID,6637.048,16035
RED RIVER TX,6624.673000000001,48387
LUCAS IA,6622.0,19117
LAFAYETTE AR,6610.7519999999995,05073
MCDONALD MO,6599.893,29119
WILKINSON GA,6599.098000000001,13319
PENDLETON KY,6594.68,21191
LINCOLN AR,6590.144,05079
HARRISON IA,6588.981000000001,19085
DIXIE FL,6578.965999999999,12029
LATIMER OK,6577.669,40077
THOMAS KS,6556.0109999999995,20193
CASS MN,6551.38,27021
MCINTOSH GA,6527.612,13191
YATES NY,6527.206,36123
BEAVERHEAD MT,6428.04,30001
GREENE MS,6412.5920000000015,28041
BOSQUE TX,6408.954999999999,48035
GUNNISON CO,6408.554000000001,08051
FRANKLIN TX,6402.825000000001,48159
ALEXANDER NC,6374.490000000001,37003
IDAHO ID,6366.794,16049
TRINITY TX,6358.534,48455
COLFAX NM,6340.671,35007
PRICE WI,6328.374,55099
WASECA MN,6328.08,27161
BUENA VISTA IA,6317.64,19021
MCLEAN KY,6316.001999999999,21149
LEE SC,6310.5,45061
PIPESTONE MN,6296.9400000000005,27117
SHELBY IL,6295.494000000001,17173
GREENE IA,6292.704,19073
LEON TX,6282.844,48289
CHEROKEE KS,6220.968,20021
WAUSHARA WI,6208.522,55137
PERRY MS,6178.068,28111
CHIPPEWA MN,6147.8,27023
BUCHANAN IA,6140.75,19019
CLAY KS,6137.534,20027
METCALFE KY,6123.168,21169
GARRARD KY,6112.436,21079
TAYLOR GA,6095.2,13269
FREESTONE TX,6092.552999999999,48161
TIPTON IN,6089.496,18159
JACKSON KY,6064.695,21109
CARROLL MO,6057.942,29033
WASHINGTON MO,6034.12,29221
MERRICK NE,6017.879999999999,31121
KOOCHICHING MN,6016.668000000001,27071
GRIMES TX,6007.040000000001,48185
POPE MN,6006.965999999999,27121
RUNNELS TX,6004.44,48399
PARKE IN,5995.698,18121
PIKE IL,5990.985000000001,17149
PLEASANTS WV,5990.379999999999,54073
RICHLAND WI,5986.444,55103
MILLS IA,5983.164000000001,19129
CALHOUN IA,5974.8240000000005,19025
SMITH MS,5968.5,28129
LOGAN AR,5967.548,05083
ADAMS WI,5964.9,55001
BEAR LAKE ID,5959.625,16007
OSCODA MI,5917.038,26135
HARNEY OR,5907.0070000000005,41025
BREWSTER TX,5899.123,48043
SEARCY AR,5855.583,05129
WASHAKIE WY,5853.75,56043
LUCE MI,5836.573,26095
TEXAS OK,5815.053000000001,40139
PARK MT,5795.494,30067
NICOLLET MN,5792.306,27103
SAN JACINTO TX,5771.799999999999,48407
PULASKI IN,5756.4980000000005,18131
DEAF SMITH TX,5749.26,48117
NEMAHA NE,5744.928,31127
TETON ID,5731.024,16081
PACIFIC WA,5730.1050000000005,53049
CLEBURNE AL,5695.62,01029
JEFFERSON FL,5684.154,12065
RICHLAND MT,5682.378000000001,30083
BOLLINGER MO,5678.244,29017
MASON IL,5650.857,17125
MCKENZIE ND,5649.024,38053
CLAY SD,5642.07,46027
IRWIN GA,5621.352,13155
WILKINSON MS,5574.98,28157
SHELBY IA,5555.1900000000005,19165
WARD TX,5555.074,48475
PRAIRIE AR,5554.718000000001,05117
QUAY NM,5537.763,35037
MINIDOKA ID,5533.257,16067
BIG HORN WY,5517.72,56003
SUBLETTE WY,5485.697999999999,56035
MONTGOMERY MS,5483.775000000001,28097
JACKSON IA,5481.798,19097
MONO CA,5474.276,06051
JASPER MS,5471.9220000000005,28061
SAN AUGUSTINE TX,5419.946,48405
REDWOOD MN,5415.69,27127
WALLER TX,5414.108000000001,48473
DAWSON MT,5400.351,30021
SPENCER IN,5393.682000000001,18147
OREGON MO,5369.79,29149
WESTMORELAND VA,5368.47,51193
FARIBAULT MN,5338.323,27043
JONES IA,5335.698,19105
BARNES ND,5311.650000000001,38003
PECOS TX,5300.705,48371
MACKINAC MI,5291.509999999999,26097
LAKE OR,5280.098999999999,41037
WILCOX AL,5279.857,01131
PRESQUE ISLE MI,5276.048,26141
GRAND CO,5270.89,08049
MITCHELL KS,5213.688,20123
WRIGHT IA,5213.2300000000005,19197
TODD MN,5204.104,27153
DALLAS AR,5200.678000000001,05039
MILLER GA,5169.072,13201
JACKSON KS,5136.6900000000005,20085
COLEMAN TX,5125.725,48083
COOPER MO,5117.901,29053
HUERFANO CO,5110.677,08055
WALLOWA OR,5110.472000000001,41063
MONROE IA,5094.326999999999,19135
BEAVER UT,5079.469999999999,49001
LINN MO,5077.92,29115
OZARK MO,5073.222,29153
FALL RIVER SD,5068.315,46047
MONROE AR,5065.956,05095
FILLMORE MN,5056.08,27045
OGLETHORPE GA,5050.729,13221
PERRY AR,5049.764999999999,05105
OSBORNE KS,5032.291,20141
DOUGLAS IL,5021.97,17041
GREENE NC,5014.4220000000005,37079
LEE AR,4995.347999999999,05077
JONES TX,4980.584000000001,48253
HUTCHINSON SD,4965.170999999999,46067
YALOBUSHA MS,4964.28,28161
KLICKITAT WA,4933.5,53039
BARAGA MI,4917.191,26013
HAMILTON NE,4904.424,31081
BATES MO,4900.116,29013
WARREN NC,4893.2880000000005,37185
DAWES NE,4878.552,31045
HAMILTON FL,4876.664,12047
BATH KY,4875.0,21011
RITCHIE WV,4834.3240000000005,54085
OCHILTREE TX,4809.804,48357
LEWIS MO,4790.240000000001,29111
WINNEBAGO IA,4783.548000000001,19189
ROCK MN,4732.02,27133
YUMA CO,4708.93,08125
NOWATA OK,4665.188,40105
JOHNSON WY,4661.64,56019
MARSHALL IL,4655.2660000000005,17123
MORGAN OH,4642.56,39115
ATKINSON GA,4637.72,13003
KOSSUTH IA,4636.469,19109
WASHINGTON KY,4632.385,21229
HARMON OK,4621.526,40057
MONTMORENCY MI,4598.704,26119
BAILEY TX,4585.0,48017
ATCHISON MO,4546.412,29005
TAMA IA,4533.726,19171
IOWA IA,4531.52,19095
MONTGOMERY MO,4527.992,29139
LAKE TN,4525.32,47095
WATONWAN MN,4522.255,27165
PAULDING OH,4499.952,39125
WASHINGTON KS,4497.792,20201
PICKETT TN,4497.767999999999,47137
HUMBOLDT IA,4492.26,19091
EDWARDS IL,4482.8949999999995,17047
BROWN IN,4467.232,18013
MODOC CA,4464.705,06049
ELLSWORTH KS,4454.46,20053
LAWRENCE AR,4429.62,05075
PEMISCOT MO,4425.400000000001,29155
NORTON KS,4385.298,20137
MERCER ND,4371.858,38057
FLOYD VA,4362.473,51063
GRANT OR,4348.196,41023
MEIGS TN,4347.7,47121
ADAMS WA,4336.311,53001
PLATTE WY,4330.7880000000005,56031
JACKSON TN,4325.462,47087
POWER ID,4316.722000000001,16077
IDA IA,4308.079999999999,19093
CARROLL IL,4305.805,17015
CARLISLE KY,4293.52,21039
HOT SPRINGS WY,4285.023,56017
OWEN KY,4284.093,21187
GRUNDY IA,4281.2,19075
SAUNDERS NE,4272.444,31155
AMITE MS,4267.059,28005
DECATUR IA,4265.54,19053
FERRY WA,4263.4929999999995,53019
PUSHMATAHA OK,4260.864,40127
TRIMBLE KY,4252.442,21223
GLACIER MT,4249.677,30035
STEVENS MN,4245.565,27149
CRAWFORD IN,4241.377,18025
SCOTT KS,4239.417,20171
EMMET IA,4208.0560000000005,19063
BUTLER NE,4200.384,31023
CLEARWATER MN,4197.368,27029
GENTRY MO,4185.727,29075
CLAIBORNE MS,4143.468,28021
DALLAM TX,4109.868,48111
TREUTLEN GA,4099.194,13283
WALWORTH SD,4092.555,46129
QUITMAN MS,4081.992,28119
MATHEWS VA,4054.806,51115
WAYNE NE,4054.32,31179
RICHLAND ND,4044.2500000000005,38077
OSAGE OK,4038.8179999999998,40113
DALLAS MO,4016.964,29059
MOULTRIE IL,4016.7769999999996,17139
LAKE SD,3992.6639999999998,46079
MONROE OH,3986.968,39111
IRON WI,3986.5869999999995,55051
MORGAN UT,3976.6719999999996,49029
WEBSTER WV,3975.86,54101
ONEIDA ID,3969.156,16071
STILLWATER MT,3962.862,30095
MITCHELL TX,3956.335,48335
WASHINGTON IL,3943.908,17189
TALLAHATCHIE MS,3935.565,28135
CLARK MO,3928.6659999999997,29045
JONES NC,3927.723,37103
POWELL MT,3920.4100000000003,30077
CRAWFORD IL,3920.0699999999997,17033
AMELIA VA,3917.2099999999996,51007
HUMPHREYS MS,3911.04,28053
KING WILLIAM VA,3909.7439999999997,51101
SMITH KS,3909.0529999999994,20183
BENTON MS,3906.507,28009
GUTHRIE IA,3901.485,19077
GOSHEN WY,3897.2450000000003,56015
SHERMAN KS,3893.386,20181
COLUMBIA WA,3893.3450000000003,53013
CARROLL IN,3889.3439999999996,18015
COAL OK,3884.965,40029
SWITZERLAND IN,3881.1110000000003,18155
CLAY WV,3845.616,54015
POCAHONTAS WV,3826.6079999999997,54075
JO DAVIESS IL,3801.0649999999996,17085
GRANT KS,3789.5,20067
ROBERTS SD,3783.4159999999997,46109
FREMONT ID,3772.512,16043
MEEKER MN,3761.964,27093
BROOKS TX,3745.1040000000003,48047
PIATT IL,3742.776,17147
HOUSTON MN,3720.0,27055
ROBERTSON TX,3705.058,48395
AUDUBON IA,3687.816,19009
GRANT SD,3681.144,46051
SWIFT MN,3678.6020000000003,27151
ATOKA OK,3673.3860000000004,40005
HENRY AL,3664.6650000000004,01067
MISSAUKEE MI,3658.556,26113
WAYNE IA,3606.96,19185
ALLAMAKEE IA,3599.681,19005
PONDERA MT,3593.888,30073
WALSH ND,3586.0170000000003,38099
ALLENDALE SC,3579.456,45005
HARPER KS,3576.888,20077
SABINE TX,3573.738,48403
JACKSON WI,3571.2390000000005,55053
LAFAYETTE FL,3562.506,12067
BRULE SD,3559.5840000000003,46015
FRANKLIN MS,3555.6929999999998,28037
MARQUETTE WI,3550.8720000000003,55077
CHOCTAW OK,3550.624,40023
GARFIELD UT,3545.802,49017
HOWARD NE,3544.75,31093
BIG STONE MN,3538.619,27011
WASHBURN WI,3536.9999999999995,55129
WINKLER TX,3532.41,48495
CHEROKEE IA,3516.555,19035
CLARKE VA,3508.56,51043
BROWN KS,3500.424,20013
CURRITUCK NC,3498.138,37053
LINCOLN NV,3477.7929999999997,32017
HAMILTON TX,3477.471,48193
FOREST WI,3466.5400000000004,55041
LAC QUI PARLE MN,3463.829,27073
ROSEBUD MT,3458.6190000000006,30087
STEWART GA,3456.162,13259
SUMTER AL,3454.706,01119
CHARLES MIX SD,3438.04,46023
TREGO KS,3433.675,20195
TRIPP SD,3422.3889999999997,46123
PEPIN WI,3410.316,55091
CHERRY NE,3407.711,31031
CALHOUN AR,3393.606,05013
PERQUIMANS NC,3392.676,37143
MORROW OR,3353.267,41049
RENVILLE MN,3316.944,27129
RUSK WI,3289.296,55107
JASPER IL,3286.62,17079
TYLER WV,3281.762,54095
GILMER WV,3270.014,54021
MCLEAN ND,3269.7000000000003,38055
GARFIELD NE,3256.726,31071
DAVIS IA,3249.0,19051
CAMERON PA,3219.628,42023
OWYHEE ID,3215.856,16073
CRANE TX,3209.193,48103
SCOTLAND MO,3201.006,29199
KIT CARSON CO,3193.65,08063
HANCOCK GA,3188.2889999999998,13141
ALGER MI,3187.7999999999997,26003
LAKE CO,3185.784,08065
PITKIN CO,3180.2929999999997,08097
ROOSEVELT NM,3163.5000000000005,35041
CHEYENNE NE,3163.0499999999997,31033
MARION KS,3161.1440000000002,20115
POCAHONTAS IA,3157.263,19151
LEELANAU MI,3155.3450000000003,26089
MAJOR OK,3150.777,40093
HARDEMAN TX,3122.802,48197
CHARLOTTE VA,3112.56,51037
NANTUCKET MA,3100.528,25019
MEADE SD,3088.188,46093
PEMBINA ND,3080.853,38067
ANTELOPE NE,3073.4239999999995,31003
RICE KS,3070.914,20159
UNION IN,3068.4900000000002,18161
MCCULLOCH TX,3057.872,48307
SHARKEY MS,3046.305,28125
JOHNSON IL,3042.165,17087
LAKE MI,3034.3680000000004,26085
TREMPEALEAU WI,3024.198,55121
SULLIVAN MO,3014.055,29211
KEWAUNEE WI,3003.798,55061
CUSTER SD,2987.676,46033
GREENE AL,2984.848,01063
PENDLETON WV,2975.763,54071
RICHARDSON NE,2972.97,31147
YELLOW MEDICINE MN,2970.954,27173
RINGGOLD IA,2970.658,19159
CHOCTAW MS,2963.81,28019
NESS KS,2961.75,20135
HANCOCK IL,2957.236,17067
CLOUD KS,2952.096,20029
TUNICA MS,2937.7599999999998,28143
TAYLOR WI,2929.3920000000003,55119
PULASKI IL,2928.915,17153
CEDAR IA,2924.439,19031
NORTHAMPTON NC,2922.4500000000003,37131
LE SUEUR MN,2917.587,27079
MINERAL NV,2914.735,32021
KEARNEY NE,2903.2650000000003,31099
TUCKER WV,2899.736,54093
KEMPER MS,2873.89,28069
BIG HORN MT,2836.947,30003
TYRRELL NC,2835.2959999999994,37177
MONTGOMERY GA,2824.976,13209
CHEYENNE KS,2811.1059999999998,20023
SIBLEY MN,2794.6200000000003,27143
NEWTON TX,2786.975,48351
LIBERTY FL,2781.882,12077
JACKSON TX,2760.12,48239
HUGHES OK,2748.7529999999997,40063
CEDAR NE,2747.454,31027
CALLAHAN TX,2746.771,48059
GREGORY SD,2724.435,46053
MORTON KS,2724.111,20129
GALLATIN KY,2722.783,21077
HARLAN NE,2717.52,31083
BLAND VA,2694.12,51021
GRAYSON VA,2690.15,51077
MORRILL NE,2678.434,31123
TORRANCE NM,2674.753,35057
RICHMOND VA,2661.7850000000003,51159
CLEAR CREEK CO,2648.1,08019
WILKIN MN,2644.1820000000002,27167
FOSTER ND,2635.41,38031
ADAIR IA,2624.784,19001
TERRELL GA,2619.017,13273
LYON IA,2609.6099999999997,19119
LAKE MN,2607.045,27075
MITCHELL IA,2604.156,19131
KIOWA OK,2603.692,40075
COOSA AL,2601.772,01037
TURNER SD,2599.04,46125
ROOSEVELT MT,2585.94,30085
FOREST PA,2579.9320000000002,42053
HICKMAN KY,2571.06,21105
DICKEY ND,2513.952,38021
ZAPATA TX,2509.6829999999995,48505
CLAYTON IA,2509.507,19043
OSAGE MO,2505.16,29151
BULLOCK AL,2505.0480000000002,01011
CARBON MT,2498.925,30009
NEWTON IN,2489.152,18111
MENARD IL,2487.984,17129
PHILLIPS MT,2475.204,30071
PALO ALTO IA,2470.308,19147
HYDE NC,2463.5629999999996,37095
SHANNON MO,2457.966,29203
WESTON WY,2438.304,56045
TOOLE MT,2434.304,30101
MONROE WV,2429.3250000000003,54063
FRANKLIN AR,2426.955,05047
JACKSON MN,2422.116,27063
BACA CO,2420.756,08009
KNOX NE,2416.2799999999997,31107
VALLEY MT,2411.096,30105
RANSOM ND,2410.7160000000003,38073
MURRAY MN,2409.0359999999996,27101
NEMAHA KS,2394.054,20131
MARSHALL KS,2387.922,20117
LINCOLN GA,2384.221,13181
MERCER IL,2377.2980000000002,17131
LEWIS KY,2362.9500000000003,21135
ELLIOTT KY,2330.27,21063
VINTON OH,2316.0449999999996,39163
NORTHUMBERLAND VA,2298.05,51133
JOHNSON NE,2297.163,31097
FREMONT IA,2296.7999999999997,19071
NOBLE OH,2293.416,39121
BUTLER IA,2266.923,19023
PAWNEE KS,2264.142,20145
GARFIELD WA,2227.225,53023
MENIFEE KY,2225.727,21165
CALHOUN WV,2225.117,54013
CHICKASAW IA,2219.538,19037
PERKINS NE,2208.724,31135
WELLS ND,2189.2140000000004,38103
HOWARD IA,2188.7619999999997,19089
KIMBLE TX,2185.848,48267
SAN JUAN UT,2173.736,49037
LOUISA IA,2162.86,19115
BLAINE MT,2157.9629999999997,30005
NELSON VA,2149.92,51125
PIERCE ND,2138.5499999999997,38069
HANCOCK KY,2128.1679999999997,21091
DAVIESS MO,2127.446,29061
CASS IL,2125.725,17017
SCHUYLER IL,2125.152,17169
BAYLOR TX,2108.909,48023
DODGE MN,2093.4,27039
JEFFERSON MT,2077.5699999999997,30043
CHASE NE,2071.872,31029
CHARITON MO,2049.576,29041
BRUNSWICK VA,2045.106,51025
CUMING NE,2043.426,31039
BENTON IA,2025.955,19011
HARRIS GA,2008.4520000000002,13145
LINCOLN MN,2001.845,27081
HAAKON SD,1993.9499999999998,46055
EDWARDS KS,1989.378,20047
KINGSBURY SD,1975.6,46077
DODDRIDGE WV,1951.4880000000003,54017
MARTIN TX,1950.598,48317
LINCOLN CO,1949.7420000000002,08073
BUTTE ID,1947.75,16023
WIRT WV,1938.3929999999998,54105
ADAMS IA,1934.2740000000003,19003
MADISON MT,1926.3999999999999,30057
BENT CO,1912.911,08011
LOGAN KS,1902.714,20109
NICHOLAS KY,1897.209,21181
PIKE GA,1896.2,13231
EDMUNDS SD,1895.355,46045
ALCONA MI,1893.7099999999998,26001
ADAMS ND,1883.6,38001
JERAULD SD,1876.116,46073
SULLIVAN PA,1844.0639999999999,42113
WOODS OK,1837.737,40151
COOK MN,1835.5680000000002,27031
DUNDY NE,1823.361,31057
STANTON KS,1817.4359999999997,20187
MINERAL MT,1815.9609999999998,30061
CUMBERLAND VA,1807.6239999999998,51049
PIERCE NE,1801.296,31139
DADE MO,1791.9569999999999,29057
MASON TX,1782.2580000000003,48319
DECATUR KS,1781.01,20039
TETON MT,1776.483,30099
NUCKOLLS NE,1775.3439999999998,31129
EDDY ND,1767.851,38027
VAN BUREN IA,1753.956,19177
BROADWATER MT,1746.36,30007
MOODY SD,1742.64,46101
OSCEOLA IA,1715.904,19143
GRANT MN,1713.964,27051
KIOWA KS,1692.9,20097
MARSHALL MN,1671.1439999999998,27089
SAN MIGUEL CO,1660.3370000000002,08113
BOTTINEAU ND,1658.4479999999999,38009
RIO BLANCO CO,1650.564,08103
GARDEN NE,1644.115,31069
BLANCO TX,1634.547,48031
PERSHING NV,1634.175,32027
PUTNAM MO,1624.816,29171
WEBSTER GA,1616.34,13307
SWEET GRASS MT,1614.384,30097
UNION NM,1603.305,35059
CAVALIER ND,1595.0879999999997,38019
RUSH KS,1539.252,20165
MAHNOMEN MN,1525.4520000000002,27087
SAC IA,1516.4759999999999,19161
MERCER MO,1508.2890000000002,29129
EMMONS ND,1481.137,38029
BENTON IN,1469.6640000000002,18007
JENKINS GA,1466.244,13165
MARSHALL SD,1450.8899999999999,46091
GALLATIN IL,1448.4,17059
CROCKETT TX,1447.952,48105
MCCOOK SD,1446.774,46087
CROWLEY CO,1400.0910000000001,08025
PUTNAM IL,1394.577,17155
TRAVERSE MN,1388.3340000000003,27155
MARION GA,1387.5940000000003,13197
GOLIAD TX,1386.0980000000002,48175
KITTSON MN,1383.9560000000001,27069
NANCE NE,1379.448,31125
ONTONAGON MI,1372.8000000000002,26131
GILLIAM OR,1351.784,41021
LAMOURE ND,1343.2720000000002,38045
SHELBY MO,1340.18,29205
PERKINS SD,1337.955,46105
KEARNY KS,1335.624,20093
PAWNEE NE,1330.0169999999998,31133
KIOWA CO,1310.392,08061
WABASHA MN,1275.9930000000002,27157
GREELEY KS,1260.336,20071
LIVE OAK TX,1257.321,48297
TRAILL ND,1245.58,38097
BRACKEN KY,1245.45,21023
BOWMAN ND,1233.792,38011
POLK NE,1198.99,31143
HOLT NE,1167.772,31089
BURT NE,1162.6200000000001,31021
MCHENRY ND,1154.7450000000001,38049
CALHOUN SC,1149.6870000000001,45017
CHOUTEAU MT,1138.27,30015
SUSSEX VA,1138.2179999999998,51183
LANE KS,1120.55,20101
STEVENS KS,1107.97,20189
MELLETTE SD,1073.781,46095
GRIGGS ND,1055.263,38039
RED LAKE MN,1021.8599999999999,27125
WHEELER TX,1011.2,48483
BROWN NE,1001.745,31017
JIM HOGG TX,998.4,48247
HAMILTON KS,985.132,20075
LINCOLN ID,976.6119999999999,16063
GRANT OK,940.261,40053
GRAND ISLE VT,933.3149999999999,50013
GRAY KS,922.152,20069
CLAY GA,915.382,13061
GREER OK,902.496,40055
CHEYENNE CO,889.866,08017
CUSTER ID,884.5749999999999,16037
NELSON ND,883.853,38063
WHEATLAND MT,878.038,30107
LIBERTY MT,860.016,30051
MOUNTRAIL ND,854.145,38061
REAGAN TX,808.2900000000001,48383
WHEELER GA,801.2099999999999,13309
LAFAYETTE WI,799.92,55065
DOUGLAS SD,797.433,46043
MEAGHER MT,787.626,30059
CRAWFORD GA,781.452,13079
NORMAN MN,777.75,27107
CLEVELAND AR,771.732,05025
DUNN ND,760.928,38025
MCINTOSH ND,744.106,38051
CLARK SD,743.4639999999999,46025
CIMARRON OK,711.621,40025
RICH UT,697.723,49033
CAMDEN NC,695.488,37029
LAKE OF THE WOODS MN,676.94,27077
KINNEY TX,671.061,48271
ROCKBRIDGE VA,632.044,51163
KIDDER ND,624.96,38043
DIXON NE,586.144,31051
WALLACE KS,570.768,20199
MINER SD,551.784,46097
RENVILLE ND,549.172,38075
GLADES FL,524.818,12043
WOODRUFF AR,511.92,05147
POWDER RIVER MT,479.37,30075
DUVAL TX,468.594,48131
HETTINGER ND,447.3209999999999,38041
PRESIDIO TX,422.35200000000003,48377
ROLETTE ND,411.104,38079
DEWEY OK,405.95300000000003,40043
MOORE TN,402.256,47127
JEFFERSON KS,399.903,20087
LYMAN SD,378.1,46085
FOARD TX,356.895,48155
NORTON CITY VA,311.3,51720
GOOCHLAND VA,308.789,51075
GALAX CITY VA,301.3,51640
MARTINSVILLE CITY VA,293.5,51690
BENSON ND,273.28,38005
POPE IL,229.735,17151
FRANKLIN CITY VA,204.6,51620
DINWIDDIE VA,199.808,51053
LEXINGTON CITY VA,191.3,51678
EMPORIA CITY VA,183.4,51595
COVINGTON CITY VA,177.8,51580
SIERRA CA,165.275,06091
SALEM CITY VA,156.7,51775
SCHUYLER MO,153.78,29197
BRISTOL CITY VA,148.2,51520
COLONIAL HEIGHTS CITY VA,145.5,51570
EVANGELINE LA,144.0,22039
SAINT FRANCOIS MO,138.0,29187
WAYNESBORO CITY VA,138.0,51820
HOPEWELL CITY VA,136.4,51670
DANVILLE CITY VA,134.4,51590
RICHLAND LA,125.6,22083
WINCHESTER CITY VA,123.4,51840
SAINT LANDRY LA,121.0,22097
STAUNTON CITY VA,120.9,51790
RAPIDES LA,117.1,22079
WASHINGTON LA,112.3,22117
FREDERICKSBURG CITY VA,106.0,51630
PETERSBURG CITY VA,104.9,51730
AVOYELLES LA,101.7,22009
SAINT CLAIR AL,100.1,01115
TANGIPAHOA LA,99.7,22105
WEBSTER LA,99.7,22119
DE KALB AL,98.2,01049
LA SALLE LA,94.1,22059
RED RIVER LA,93.7,22081
CLAIBORNE LA,93.5,22027
OUACHITA LA,92.3,22073
FRANKLIN LA,92.0,22041
CARSON CITY NV,91.8,32510
MOREHOUSE LA,91.2,22067
CADDO LA,90.0,22017
CALCASIEU LA,90.0,22019
SAINT MARY LA,89.3,22101
ST JOHN THE BAPTIST LA,87.7,22095
HARRISONBURG CITY VA,87.7,51660
WINN LA,87.6,22127
CATAHOULA LA,87.3,22025
ALLEN LA,86.0,22003
SAINT BERNARD LA,85.1,22087
CONCORDIA LA,84.9,22029
JEFFERSON DAVIS LA,84.5,22053
JEFFERSON LA,82.4,22051
LIVINGSTON LA,82.3,22063
SAINT TAMMANY LA,81.8,22103
EAST CARROLL LA,81.6,22035
TERREBONNE LA,81.5,22109
IBERIA LA,81.2,22045
LAFAYETTE LA,80.0,22055
SAINT CLAIR MI,79.5,26147
BOSSIER LA,79.4,22015
LYNCHBURG CITY VA,79.1,51680
MANASSAS CITY VA,79.1,51683
BUENA VISTA CITY VA,78.8,51530
LA PORTE IN,78.7,18091
LAFOURCHE LA,78.5,22057
WEST BATON ROUGE LA,76.5,22121
KENAI PENINSULA AK,76.3,02122
SAINT FRANCIS AR,76.3,05123
LINCOLN LA,76.3,22061
SAINT JOSEPH MI,76.1,26149
ASCENSION LA,75.4,22005
SAINT JAMES LA,74.9,22093
OURAY CO,74.28,08091
EAST BATON ROUGE LA,72.6,22033
TENSAS LA,72.2,22107
POINTE COUPEE LA,72.0,22077
SAINT HELENA LA,70.7,22091
LA SALLE IL,70.6,17099
ROANOKE CITY VA,70.6,51770
RADFORD CITY VA,70.5,51750
PORTSMOUTH CITY VA,69.8,51740
NATCHITOCHES LA,69.4,22069
UNION LA,69.4,22111
ACADIA LA,68.4,22001
VERNON LA,66.6,22115
SAINT MARTIN LA,65.7,22099
PETERSBURG AK,65.0,02195
SUFFOLK CITY VA,64.2,51800
DE SOTO LA,64.1,22031
BEAUREGARD LA,62.8,22011
POQUOSON CITY VA,62.6,51735
FAIRFAX CITY VA,62.4,51600
MATANUSKA SUSITNA AK,60.8,02170
SAINT JOSEPH IN,60.2,18141
SABINE LA,60.0,22085
SAINT CLAIR IL,59.8,17163
IBERVILLE LA,59.8,22047
SAINT CHARLES MO,59.7,29183
SAINT LAWRENCE NY,59.6,36089
KETCHIKAN GATEWAY AK,58.6,02130
SAINT CHARLES LA,58.4,22089
BIENVILLE LA,55.9,22013
JACKSON LA,55.9,22049
VERMILION LA,55.9,22113
SAINT LOUIS MO,55.3,29189
JUNEAU AK,54.9,02110
SAINT LUCIE FL,54.8,12111
OBRIEN IA,51.6,19141
ANCHORAGE AK,51.2,02020
SAINT JOHNS FL,51.2,12109
ORLEANS LA,50.9,22071
SAINT MARYS MD,50.5,24037
DE KALB IN,50.1,18033
QUEEN ANNES MD,49.8,24035
HAMPTON CITY VA,49.7,51650
CHESAPEAKE CITY VA,48.1,51550
SAINT LOUIS MN,47.8,27137
DE SOTO FL,47.0,12027
VIRGINIA BEACH CITY VA,45.3,51810
EAST FELICIANA LA,44.1,22037
NORFOLK CITY VA,43.9,51710
DE WITT TX,42.9,48123
FALLS CHURCH CITY VA,42.6,51610
SAINT LOUIS CITY MO,42.5,29510
BALTIMORE CITY MD,41.9,24510
GRANT LA,41.8,22043
SAINTE GENEVIEVE MO,40.8,29186
NEWPORT NEWS CITY VA,40.7,51700
WEST FELICIANA LA,40.5,22125
CALDWELL LA,38.0,22021
PLAQUEMINES LA,37.4,22075
DONA ANA NM,36.9,35013
FAIRBANKS NORTH STAR AK,36.8,02090
SAN SABA TX,36.33,48411
WEST CARROLL LA,36.3,22123
CHARLOTTESVILLE CITY VA,35.3,51540
SAINT CLAIR MO,34.9,29185
RICHMOND CITY VA,32.1,51760
PRINCE GEORGES MD,30.0,24033
PRINCE OF WALES HYDER AK,29.0,02198
SAINT CROIX WI,28.4,55109
ASSUMPTION LA,28.2,22007
DISTRICT OF COLUMBIA DC,25.0,11001
ALEXANDRIA CITY VA,24.1,51510
VALDEZ CORDOVA AK,23.6,02261
KODIAK ISLAND AK,23.2,02150
GREENE IL,12.969000000000001,17061
LEWIS ID,11.514000000000001,16061
MIDDLESEX VA,10.582,51119
LINN KS,9.703000000000001,20107
PERRY AL,8.923,01105
YOAKUM TX,8.713,48501
WORTH IA,7.381,19195
BROWN IL,6.578,17009
SPINK SD,6.376,46115
CALHOUN GA,6.189,13037
CARSON TX,5.926,48065
OHIO IN,5.875,18115
VAN BUREN TN,5.872,47175
MORRIS KS,5.620000000000001,20127
FILLMORE NE,5.462,31059
GOVE KS,5.272,20063
ROOKS KS,4.920000000000001,20163
REPUBLIC KS,4.636,20157
GUADALUPE NM,4.3,35019
MEADE KS,4.033,20119
HASKELL KS,3.968,20081
FISHER TX,3.83,48151
SUTTON TX,3.776,48435
UPTON TX,3.657,48461
DONLEY TX,3.2780000000000005,48129
FALLON MT,2.846,30025
GRAHAM KS,2.482,20065
MCPHERSON SD,2.379,46089
DE BACA NM,1.7480000000000002,35011
SITKA AK,0.1,02220
CONEJOS CO,0.0,08021
DOOLY GA,0.0,13093
HEARD GA,0.0,13149
SCHLEY GA,0.0,13249
TWIGGS GA,0.0,13289
WILCOX GA,0.0,13315
CALHOUN IL,0.0,17013
FORD IL,0.0,17053
BARBER KS,0.0,20007
CLARK KS,0.0,20025
DICKINSON KS,0.0,20041
ELK KS,0.0,20049
OSAGE KS,0.0,20139
OTTAWA KS,0.0,20143
POTTAWATOMIE KS,0.0,20149
RUSSELL KS,0.0,20167
LIVINGSTON KY,0.0,21139
TODD KY,0.0,21219
ANDREW MO,0.0,29003
HICKORY MO,0.0,29085
HOWARD MO,0.0,29089
KNOX MO,0.0,29103
MONROE MO,0.0,29137
WAYNE MO,0.0,29223
WORTH MO,0.0,29227
BERTIE NC,0.0,37015
CASWELL NC,0.0,37033
THURSTON NE,0.0,31173
WEBSTER NE,0.0,31181
BLAINE OK,0.0,40011
ELLIS OK,0.0,40045
JOHNSTON OK,0.0,40069
NOBLE OK,0.0,40103
OKFUSKEE OK,0.0,40107
MCCORMICK SC,0.0,45065
BON HOMME SD,0.0,46009
STANLEY SD,0.0,46117
CROSBY TX,0.0,48107
JACK TX,0.0,48237
LAMB TX,0.0,48279
LYNN TX,0.0,48305
MARION TX,0.0,48315
PARMER TX,0.0,48369
REFUGIO TX,0.0,48391
SOMERVELL TX,0.0,48425
ZAVALA TX,0.0,48507
BUCKINGHAM VA,0.0,51029
CRAIG VA,0.0,51045
LUNENBURG VA,0.0,51111
SKAMANIA WA,0.0,53059
BUFFALO WI,0.0,55011
NIOBRARA WY,0.0,56027
